date,value
2025-03-30,6
2025-03-29,6
2025-03-28,18
2025-03-27,12
2025-03-26,9
2025-03-25,12
2025-03-24,9
2025-03-23,24
2025-03-22,30
2025-03-21,21
2025-03-20,45
2025-03-19,15
2025-03-18,39
2025-03-17,18
2025-03-16,9
2025-03-15,24
2025-03-14,9
2025-03-13,21
2025-03-12,15
2025-03-11,9
2025-03-10,21
2025-03-09,48
2025-03-08,9
2025-03-07,51
2025-03-06,27
2025-03-05,24
2025-03-04,18
2025-03-03,27
2025-03-02,21
2025-03-01,24
2025-02-28,27
2025-02-27,21
2025-02-26,48
2025-02-25,57
2025-02-24,30
2025-02-23,27
2025-02-22,39
2025-02-21,21
2025-02-20,48
2025-02-19,57
2025-02-18,54
2025-02-17,48
2025-02-16,45
2025-02-15,99
2025-02-14,9
2025-02-13,12
2025-02-12,21
2025-02-11,12
2025-02-10,15
2025-02-09,9
2025-02-08,6
2025-02-07,6
2025-02-06,12
2025-02-05,15
2025-02-04,12
2025-02-03,6
2025-02-02,24
2025-02-01,9
2025-01-31,9
2025-01-30,9
2025-01-29,21
2025-01-28,21
2025-01-27,6
2025-01-26,12
2025-01-25,18
2025-01-24,3
2025-01-23,33
2025-01-22,15
2025-01-21,36
2025-01-20,6
2025-01-19,9
2025-01-18,6
2025-01-17,21
2025-01-16,12
2025-01-15,15
2025-01-14,18
2025-01-13,3
2025-01-12,21
2025-01-11,9
2025-01-10,9
2025-01-09,6
2025-01-08,48
2025-01-07,84
2025-01-06,12
2025-01-05,24
2025-01-04,39
2025-01-03,9
2025-01-02,24
2025-01-01,12
2024-12-31,24
2024-12-30,30
2024-12-29,15
2024-12-28,15
2024-12-27,21
2024-12-26,27
2024-12-25,6
2024-12-24,30
2024-12-23,21
2024-12-22,12
2024-12-21,24
2024-12-20,36
2024-12-19,36
2024-12-18,27
2024-12-17,27
2024-12-16,9
2024-12-15,6
2024-12-14,6
2024-12-13,27
2024-12-12,18
2024-12-11,3
2024-12-10,9
2024-12-09,12
2024-12-08,21
2024-12-07,24
2024-12-06,27
2024-12-05,12
2024-12-04,3
2024-12-03,9
2024-12-02,12
2024-12-01,3
2024-11-30,21
2024-11-29,12
2024-11-28,6
2024-11-27,15
2024-11-26,18
2024-11-25,0
2024-11-24,9
2024-11-23,18
2024-11-22,21
2024-11-21,6
2024-11-20,6
2024-11-19,18
2024-11-18,18
2024-11-17,18
2024-11-16,6
2024-11-15,33
2024-11-14,15
2024-11-13,18
2024-11-12,9
2024-11-11,6
2024-11-10,3
2024-11-09,12
2024-11-08,12
2024-11-07,0
2024-11-06,3
2024-11-05,12
2024-11-04,0
2024-11-03,6
2024-11-02,6
2024-11-01,21
2024-10-31,18
2024-10-30,12
2024-10-29,33
2024-10-28,15
2024-10-27,42
2024-10-26,0
2024-10-25,24
2024-10-24,12
2024-10-23,33
2024-10-22,15
2024-10-21,36
2024-10-20,9
2024-10-19,18
2024-10-18,36
2024-10-17,6
2024-10-16,18
2024-10-15,18
2024-10-14,30
2024-10-13,6
2024-10-12,9
2024-10-11,21
2024-10-10,0
2024-10-09,0
2024-10-08,0
2024-10-07,0
2024-10-06,0
2024-10-05,0
2024-10-04,48
2024-10-03,12
2024-10-02,12
2024-10-01,3
2024-09-30,3
2024-09-29,9
2024-09-28,9
2024-09-27,12
2024-09-26,12
2024-09-25,18
2024-09-24,15
2024-09-23,21
2024-09-22,18
2024-09-21,18
2024-09-20,24
2024-09-19,18
2024-09-18,6
2024-09-17,27
2024-09-16,18
2024-09-15,33
2024-09-14,18
2024-09-13,21
2024-09-12,24
2024-09-11,9
2024-09-10,9
2024-09-09,9
2024-09-08,18
2024-09-07,12
2024-09-06,21
2024-09-05,6
2024-09-04,6
2024-09-03,0
2024-09-02,6
2024-09-01,30
2024-08-31,0
2024-08-30,0
2024-08-29,0
2024-08-28,3
2024-08-27,0
2024-08-26,12
2024-08-25,0
2024-08-24,9
2024-08-23,6
2024-08-22,6
2024-08-21,6
2024-08-20,6
2024-08-19,18
2024-08-18,9
2024-08-17,6
2024-08-16,18
2024-08-15,12
2024-08-14,9
2024-08-13,9
2024-08-12,6
2024-08-11,9
2024-08-10,3
2024-08-09,18
2024-08-08,15
2024-08-07,15
2024-08-06,21
2024-08-05,18
2024-08-04,3
2024-08-03,0
2024-08-02,0
2024-08-01,18
2024-07-31,15
2024-07-30,6
2024-07-29,0
2024-07-28,3
2024-07-27,21
2024-07-26,21
2024-07-25,6
2024-07-24,0
2024-07-23,3
2024-07-22,6
2024-07-21,9
2024-07-20,30
2024-07-19,6
2024-07-18,3
2024-07-17,6
2024-07-16,3
2024-07-15,3
2024-07-14,15
2024-07-13,3
2024-07-12,0
2024-07-11,6
2024-07-10,3
2024-07-09,9
2024-07-08,9
2024-07-07,12
2024-07-06,6
2024-07-05,27
2024-07-04,45
2024-07-03,27
2024-07-02,9
2024-07-01,15
2024-06-30,39
2024-06-29,3
2024-06-28,39
2024-06-27,27
2024-06-26,12
2024-06-25,18
2024-06-24,15
2024-06-23,24
2024-06-22,6
2024-06-21,33
2024-06-20,21
2024-06-19,30
2024-06-18,18
2024-06-17,21
2024-06-16,15
2024-06-15,6
2024-06-14,21
2024-06-13,12
2024-06-12,9
2024-06-11,6
2024-06-10,15
2024-06-09,18
2024-06-08,27
2024-06-07,21
2024-06-06,18
2024-06-05,48
2024-06-04,27
2024-06-03,12
2024-06-02,24
2024-06-01,36
2024-05-31,27
2024-05-30,18
2024-05-29,27
2024-05-28,3
2024-05-27,45
2024-05-26,15
2024-05-25,24
2024-05-24,27
2024-05-23,24
2024-05-22,9
2024-05-21,36
2024-05-20,0
2024-05-19,0
2024-05-18,0
2024-05-17,0
2024-05-16,0
2024-05-15,15
2024-05-14,3
2024-05-13,15
2024-05-12,9
2024-05-11,18
2024-05-10,0
2024-05-09,30
2024-05-08,0
2024-05-07,27
2024-05-06,99
2024-05-05,33
2024-05-04,15
2024-05-03,21
2024-05-02,15
2024-05-01,9
2024-04-30,21
2024-04-29,12
2024-04-28,27
2024-04-27,9
2024-04-26,15
2024-04-25,12
2024-04-24,3
2024-04-23,21
2024-04-22,3
2024-04-21,6
2024-04-20,12
2024-04-19,9
2024-04-18,18
2024-04-17,15
2024-04-16,33
2024-04-15,6
2024-04-14,12
2024-04-13,6
2024-04-12,3
2024-04-11,18
2024-04-10,12
2024-04-09,9
2024-04-08,6
2024-04-07,15
2024-04-06,9
2024-04-05,6
2024-04-04,21
2024-04-03,6
2024-04-02,48
2024-04-01,6
2024-03-31,3
2024-03-30,12
2024-03-29,6
2024-03-28,12
2024-03-27,3
2024-03-26,9
2024-03-25,6
2024-03-24,9
2024-03-23,3
2024-03-22,6
2024-03-21,18
2024-03-20,12
2024-03-19,24
2024-03-18,3
2024-03-17,9
2024-03-16,3
2024-03-15,21
2024-03-14,18
2024-03-13,18
2024-03-12,9
2024-03-11,3
2024-03-10,6
2024-03-09,21
2024-03-08,3
2024-03-07,9
2024-03-06,6
2024-03-05,15
2024-03-04,6
2024-03-03,12
2024-03-02,6
2024-03-01,9
2024-02-29,3
2024-02-28,18
2024-02-27,9
2024-02-26,3
2024-02-25,3
2024-02-24,3
2024-02-23,6
2024-02-22,6
2024-02-21,6
2024-02-20,6
2024-02-19,15
2024-02-18,3
2024-02-17,3
2024-02-16,9
2024-02-15,6
2024-02-14,12
2024-02-13,3
2024-02-12,15
2024-02-11,3
2024-02-10,21
2024-02-09,9
2024-02-08,6
2024-02-07,12
2024-02-06,24
2024-02-05,9
2024-02-04,6
2024-02-03,15
2024-02-02,18
2024-02-01,15
2024-01-31,48
2024-01-30,12
2024-01-29,12
2024-01-28,12
2024-01-27,12
2024-01-26,15
2024-01-25,12
2024-01-24,9
2024-01-23,27
2024-01-22,6
2024-01-21,0
2024-01-20,9
2024-01-19,6
2024-01-18,21
2024-01-17,27
2024-01-16,21
2024-01-15,3
2024-01-14,3
2024-01-13,9
2024-01-12,6
2024-01-11,21
2024-01-10,15
2024-01-09,33
2024-01-08,30
2024-01-07,42
2024-01-06,6
2024-01-05,9
2024-01-04,75
2024-01-03,18
2024-01-02,9
2024-01-01,3
2023-12-31,6
2023-12-30,9
2023-12-29,6
2023-12-28,9
2023-12-27,9
2023-12-26,12
2023-12-25,3
2023-12-24,0
2023-12-23,3
2023-12-22,12
2023-12-21,6
2023-12-20,6
2023-12-19,0
2023-12-18,0
2023-12-17,0
2023-12-16,0
2023-12-15,0
2023-12-14,0
2023-12-13,0
2023-12-12,0
2023-11-29,3
2023-11-28,6
2023-11-27,9
2023-11-26,24
2023-11-25,9
2023-11-24,6
2023-11-23,15
2023-11-22,6
2023-11-21,12
2023-11-20,3
2023-11-19,9
2023-11-18,3
2023-11-17,6
2023-11-16,6
2023-11-15,0
2023-11-14,3
2023-11-13,6
2023-11-12,12
2023-11-11,3
2023-11-10,6
2023-11-09,0
2023-11-08,9
2023-11-07,0
2023-11-06,6
2023-11-05,24
2023-11-04,12
2023-11-03,33
2023-11-02,0
2023-11-01,0
2023-10-31,0
2023-10-30,0
2023-10-29,18
2023-10-28,12
2023-10-27,15
2023-10-26,0
2023-10-25,0
2023-10-24,0
2023-10-23,0
2023-10-22,18
2023-10-21,18
2023-10-20,0
2023-10-19,9
2023-10-18,6
2023-10-17,3
2023-10-16,9
2023-10-15,9
2023-10-14,6
2023-10-13,9
2023-10-12,6
2023-10-11,3
2023-10-10,9
2023-10-09,6
2023-10-08,24
2023-10-07,6
2023-10-06,12
2023-10-05,6
2023-10-04,6
2023-10-03,3
2023-10-02,18
2023-10-01,0
2023-09-30,6
2023-09-29,3
2023-09-28,0
2023-09-27,15
2023-09-26,6
2023-09-25,3
2023-09-24,15
2023-09-23,0
2023-09-22,18
2023-09-21,3
2023-09-20,3
2023-09-19,3
2023-09-18,6
2023-09-17,15
2023-09-16,18
2023-09-15,6
2023-09-14,0
2023-09-13,6
2023-09-12,18
2023-09-11,6
2023-09-10,18
2023-09-09,9
2023-09-08,3
2023-09-07,3
2023-09-06,6
2023-09-05,12
2023-09-04,27
2023-09-03,0
2023-09-02,3
2023-09-01,0
2023-08-31,0
2023-08-30,3
2023-08-29,3
2023-08-28,6
2023-08-27,21
2023-08-26,3
2023-07-12,0
2023-07-11,0
2023-07-10,9
2023-07-09,27
2023-07-08,6
2023-07-07,3
2023-07-06,0
2023-07-05,9
2023-07-04,3
2023-07-03,0
2023-07-02,3
2023-07-01,0
2023-06-30,18
2023-06-29,15
2023-06-28,12
2023-06-27,3
2023-06-26,15
2023-06-25,9
2023-06-24,18
2023-06-23,21
2023-06-22,18
2023-06-21,0
2023-06-20,24
2023-06-19,6
2023-06-18,9
2023-06-17,9
2023-06-16,0
2023-06-15,0
2023-06-14,0
2023-06-13,0
2023-06-12,0
2023-06-11,0
2023-05-04,3
2023-05-03,0
2023-05-02,6
2023-05-01,3
2023-04-30,21
2023-04-29,18
2023-04-28,24
2023-04-27,12
2023-04-26,18
2023-04-25,9
2023-04-24,12
2023-04-23,15
2023-04-22,6
2023-04-21,15
2023-04-20,24
2023-04-19,0
2023-04-18,0
2023-04-17,0
2023-04-16,0
2023-02-20,0
2023-02-19,3
2023-02-18,3
2023-02-17,6
2023-02-16,6
2023-02-15,9
2023-02-14,3
2023-02-13,0
2023-02-12,24
2023-02-11,18
2023-02-10,6
2023-02-09,12
2023-02-08,9
2023-02-07,12
2023-02-06,6
2023-02-05,18
2023-02-04,12
2023-02-03,9
2023-02-02,3
2023-02-01,3
2023-01-31,9
2023-01-30,0
2023-01-29,9
2023-01-28,3
2023-01-27,3
2023-01-26,9
2023-01-25,15
2023-01-24,3
2023-01-23,0
2023-01-22,18
2023-01-21,3
2023-01-20,12
2023-01-19,0
2023-01-18,12
2023-01-17,12
2023-01-16,12
2023-01-15,27
2023-01-14,24
2023-01-13,12
2023-01-12,18
2023-01-11,9
2023-01-10,6
2023-01-09,15
2023-01-08,0
2023-01-07,6
2023-01-06,21
2023-01-05,12
2023-01-04,21
2023-01-03,15
2023-01-02,3
2023-01-01,18
2022-12-31,15
2022-12-30,9
2022-12-29,12
2022-12-28,6
2022-12-27,3
2022-12-26,12
2022-12-25,12
2022-12-24,39
2022-12-23,24
2022-12-22,12
2022-12-21,9
2022-12-20,0
2022-12-19,0
2022-12-18,0
2022-12-17,0
2022-12-16,0
2022-12-15,0
2022-12-14,0
2022-12-13,0
2022-12-12,0
2022-12-11,0
2022-12-10,0
2022-12-09,0
2022-12-08,0
2022-12-07,0
2022-12-06,0
2022-12-05,0
2022-12-04,0
2022-12-03,0
2022-12-02,0
2022-12-01,0
2022-11-30,0
2022-11-29,0
2022-11-28,0
2022-11-27,0
2022-11-26,0
2022-11-25,0
2022-11-24,0
2022-11-23,0
2022-11-22,0
2022-11-21,0
2022-11-20,0
2022-11-19,0
2022-11-18,0
2022-11-17,0
2022-11-16,0
2022-11-15,0
2022-11-14,0
2022-11-13,0
2022-11-12,0
2022-11-11,0
2022-11-10,0
2022-11-09,0
2022-11-08,0
2022-11-07,0
2022-11-06,0
2022-11-05,0
2022-11-04,0
2022-11-03,0
2022-11-02,0
2022-11-01,0
2022-10-31,0
2022-10-30,0
2022-10-29,0
2022-10-28,0
2022-10-27,0
2022-10-26,0
2022-10-25,0
2022-10-24,0
2022-10-23,0
2022-10-22,0
2022-10-21,0
2022-10-20,0
2022-10-19,0
2022-10-18,0
2022-10-17,0
2022-10-16,0
2022-10-15,0
2022-10-14,0
2022-10-13,0
2022-10-12,0
2022-10-11,0
2022-10-10,0
2022-10-09,0
2022-10-08,0
2022-10-07,0
2022-10-06,0
2022-10-05,0
2022-10-04,0
2022-10-03,0
2022-10-02,0
2022-10-01,0
2022-09-30,0
2022-09-29,0
2022-09-28,0
2022-09-27,0
2022-09-26,0
2022-09-25,0
2022-09-24,0
2022-09-23,0
2022-09-22,0
2022-09-21,0
2022-09-20,0
2022-09-19,0
2022-09-18,0
2022-09-17,0
2022-09-16,0
2022-09-15,0
2022-09-14,0
2022-09-13,0
2022-09-12,0
2022-09-11,0
2022-09-10,0
2022-09-09,0
2022-09-08,0
2022-09-07,0
2022-09-06,0
2022-09-05,0
2022-09-04,0
2022-09-03,0
2022-09-02,0
2022-09-01,0
2022-08-31,0
2022-08-30,0
2022-08-29,0
2022-08-28,0
2022-08-27,0
2022-08-26,0
2022-08-25,0
2022-08-24,0
2022-08-23,0
2022-08-22,0
2022-08-21,0
2022-08-20,0
2022-08-19,0
2022-08-18,0
2022-08-17,0
2022-08-16,0
2022-08-15,0
2022-08-14,0
2022-08-13,0
2022-08-12,0
2022-08-11,0
2022-08-10,0
2022-08-09,0
2022-08-08,0
2022-08-07,0
2022-08-06,0
2022-08-05,0
2022-08-04,0
2022-08-03,0
2022-08-02,0
2022-08-01,0
2022-07-31,0
2022-07-30,0
2022-07-29,0
2022-07-28,0
2022-07-27,0
2022-07-26,0
2022-07-25,0
2022-07-24,0
2022-07-23,0
2022-07-22,0
2022-07-21,0
2022-07-20,0
2022-07-19,0
2022-07-18,0
2022-07-17,0
2022-07-16,0
2022-07-15,0
2022-07-14,0
2022-07-13,0
2022-07-12,0
2022-07-11,0
2022-07-10,0
2022-07-09,0
2022-07-08,0
2022-07-07,0
2022-07-06,0
2022-07-05,0
2022-07-04,0
2022-07-03,0
2022-07-02,0
2022-07-01,0
2022-06-30,0
2022-06-29,0
2022-06-28,0
2022-06-27,0
2022-06-26,0
2022-06-25,0
2022-06-24,0
2022-06-23,0
2022-06-22,0
2022-06-21,0
2022-06-20,0
2022-06-19,0
2022-06-18,0
2022-06-17,0
2022-06-16,0
2022-06-15,0
2022-06-14,0
2022-06-13,0
2022-06-12,0
2022-06-11,0
2022-06-10,0
2022-06-09,0
2022-06-08,0
2022-06-07,0
2022-06-06,0
2022-06-05,0
2022-06-04,0
2022-06-03,0
2022-06-02,0
2022-06-01,0
2022-05-31,0
2022-05-30,0
2022-05-29,0
2022-05-28,0
2022-05-27,0
2022-05-26,0
2022-05-25,0
2022-05-24,0
2022-05-23,0
2022-05-22,0
2022-05-21,0
2022-05-20,0
2022-05-19,0
2022-05-18,0
2022-05-17,0
2022-05-16,0
2022-05-15,0
2022-05-14,0
2022-05-13,0
2022-05-12,0
2022-05-11,0
2022-05-10,0
2022-05-09,0
2022-05-08,0
2022-05-07,0
2022-05-06,0
2022-05-05,0
2022-05-04,0
2022-05-03,0
2022-05-02,0
2022-05-01,0
2022-04-30,0
2022-04-29,0
2022-04-28,0
2022-04-27,0
2022-04-26,0
2022-04-25,0
2022-04-24,0
2022-04-23,0
2022-04-22,0
2022-04-21,0
2022-04-20,0
2022-04-19,0
2022-04-18,0
2022-04-17,0
2022-04-16,0
2022-04-15,0
2022-04-14,0
2022-04-13,0
2022-04-12,0
2022-04-11,0
2022-04-10,0
2022-04-09,0
2022-04-08,0
2022-04-07,0
2022-04-06,0
2022-04-05,0
2022-04-04,0
2022-04-03,0
2022-04-02,0
2022-04-01,0
2022-03-31,0
2022-03-30,0
2022-03-29,0
2022-03-28,0
2022-03-27,0
2022-03-26,0
2022-03-25,0
2022-03-24,0
2022-03-23,0
2022-03-22,0
2022-03-21,0
2022-03-20,0
2022-03-19,0
2022-03-18,0
2022-03-17,0
2022-03-16,0
2022-03-15,0
2022-03-14,0
2022-03-13,0
2022-03-12,0
2022-03-11,0
2022-03-10,0
2022-03-09,0
2022-03-08,0
2022-03-07,0
2022-03-06,0
2022-03-05,0
2022-03-04,0
2022-03-03,0
2022-03-02,0
2022-03-01,0
2022-02-28,0
2022-02-27,0
2022-02-26,0
2022-02-25,0
2022-02-24,0
2022-02-23,0
2022-02-22,0
2022-02-21,0
2022-02-20,0
2022-02-19,0
2022-02-18,0
2022-02-17,0
2022-02-16,0
2022-02-15,0
2022-02-14,0
2022-02-13,0
2022-02-12,0
2022-02-11,0
2022-02-10,0
2022-02-09,0
2022-02-08,0
2022-02-07,0
2022-02-06,0
2022-02-05,0
2022-02-04,0
2022-02-03,0
2022-02-02,0
2022-02-01,0
2022-01-31,0
2022-01-30,0
2022-01-29,0
2022-01-28,0
2022-01-27,0
2022-01-26,0
2022-01-25,0
2022-01-24,0
2022-01-23,0
2022-01-22,0
2022-01-21,0
2022-01-20,0
2022-01-19,0
2022-01-18,0
2022-01-17,0
2022-01-16,0
2022-01-15,0
2022-01-14,0
2022-01-13,0
2022-01-12,0
2022-01-11,0
2022-01-10,0
2022-01-09,0
2022-01-08,0
2022-01-07,0
2022-01-06,0
2022-01-05,0
2022-01-04,0
2022-01-03,0
2022-01-02,0
2022-01-01,0
2021-12-31,0
2021-12-30,0
2021-12-29,0
2021-12-28,0
2021-12-27,0
2021-12-26,0
2021-12-25,0
2021-12-24,0
2021-12-23,0
2021-12-22,0
2021-12-21,0
2021-12-20,0
2021-12-19,0
2021-12-18,0
2021-12-17,0
2021-12-16,0
2021-12-15,0
2021-12-14,0
2021-12-13,0
2021-12-12,0
2021-12-11,0
2021-12-10,0
2021-12-09,0
2021-12-08,0
2021-12-07,0
2021-12-06,0
2021-12-05,0
2021-12-04,0
2021-12-03,0
2021-12-02,0
2021-12-01,0
2021-11-30,0
2021-11-29,0
2021-11-28,0
2021-11-27,0
2021-11-26,0
2021-11-25,0
2021-11-24,0
2021-11-23,0
2021-11-22,0
2021-11-21,0
2021-11-20,0
2021-11-19,0
2021-11-18,0
2021-11-17,0
2021-11-16,0
2021-11-15,0
2021-11-14,0
2021-11-13,0
2021-11-12,0
2021-11-11,0
2021-11-10,0
2021-11-09,0
2021-11-08,0
2021-11-07,0
2021-11-06,0
2021-11-05,0
2021-11-04,0
2021-11-03,0
2021-11-02,0
2021-11-01,0
2021-10-31,0
2021-10-30,0
2021-10-29,0
2021-10-28,0
2021-10-27,0
2021-10-26,0
2021-10-25,0
2021-10-24,0
2021-10-23,0
2021-10-22,0
2021-10-21,0
2021-10-20,0
2021-10-19,0
2021-10-18,0
2021-10-17,0
2021-10-16,0
2021-10-15,0
2021-10-14,0
2021-10-13,0
2021-10-12,0
2021-10-11,0
2021-10-10,0
2021-10-09,0
2021-10-08,0
2021-10-07,0
2021-10-06,0
2021-10-05,0
2021-10-04,0
2021-10-03,0
2021-10-02,0
2021-10-01,0
2021-09-30,0
2021-09-29,0
2021-09-28,0
2021-09-27,0
2021-09-26,0
2021-09-25,0
2021-09-24,0
2021-09-23,0
2021-09-22,0
2021-09-21,0
2021-09-20,0
2021-09-19,0
2021-09-18,0
2021-09-17,0
2021-09-16,0
2021-09-15,0
2021-09-14,0
2021-09-13,0
2021-09-12,0
2021-09-11,0
2021-09-10,0
2021-09-09,0
2021-09-08,0
2021-09-07,0
2021-09-06,0
2021-09-05,0
2021-09-04,0
2021-09-03,0
2021-09-02,0
2021-09-01,0
2021-08-31,0
2021-08-30,0
2021-08-29,0
2021-08-28,0
2021-08-27,0
2021-08-26,0
2021-08-25,0
2021-08-24,0
2021-08-23,0
2021-08-22,0
2021-08-21,0
2021-08-20,0
2021-08-19,0
2021-08-18,0
2021-08-17,0
2021-08-16,0
2021-08-15,0
2021-08-14,0
2021-08-13,0
2021-08-12,0
2021-08-11,0
2021-08-10,0
2021-08-09,0
2021-08-08,0
2021-08-07,0
2021-08-06,0
2021-08-05,0
2021-08-04,0
2021-08-03,0
2021-08-02,0
2021-08-01,0
2021-07-31,0
2021-07-30,0
2021-07-29,0
2021-07-28,0
2021-07-27,0
2021-07-26,0
2021-07-25,0
2021-07-24,0
2021-07-23,0
2021-07-22,0
2021-07-21,0
2021-07-20,0
2021-07-19,0
2021-07-18,0
2021-07-17,0
2021-07-16,0
2021-07-15,0
2021-07-14,0
2021-07-13,0
2021-07-12,0
2021-07-11,0
2021-07-10,0
2021-07-09,0
2021-07-08,0
2021-07-07,0
2021-07-06,0
2021-07-05,0
2021-07-04,0
2021-07-03,0
2021-07-02,0
2021-07-01,0
2021-06-30,0
2021-06-29,0
2021-06-28,0
2021-06-27,0
2021-06-26,0
2021-06-25,0
2021-06-24,0
2021-06-23,0
2021-06-22,0
2021-06-21,0
2021-06-20,0
2021-06-19,0
2021-06-18,0
2021-06-17,0
2021-06-16,0
2021-06-15,0
2021-06-14,0
2021-06-13,0
2021-06-12,0
2021-06-11,0
2021-06-10,0
2021-06-09,0
2021-06-08,0
2021-06-07,0
2021-06-06,0
2021-06-05,0
2021-06-04,0
2021-06-03,0
2021-06-02,0
2021-06-01,0
2021-05-31,0
2021-05-30,0
2021-05-29,0
2021-05-28,0
2021-05-27,0
2021-05-26,0
2021-05-25,0
2021-05-24,0
2021-05-23,0
2021-05-22,0
2021-05-21,0
2021-05-20,0
2021-05-19,0
2021-05-18,0
2021-05-17,0
2021-05-16,0
2021-05-15,0
2021-05-14,0
2021-05-13,0
2021-05-12,0
2021-05-11,0
2021-05-10,0
2021-05-09,0
2021-05-08,0
2021-05-07,0
2021-05-06,0
2021-05-05,0
2021-05-04,0
2021-05-03,0
2021-05-02,0
2021-05-01,0
2021-04-30,0
2021-04-29,0
2021-04-28,0
2021-04-27,0
2021-04-26,0
2021-04-25,0
2021-04-24,0
2021-04-23,0
2021-04-22,0
2021-04-21,0
2021-04-20,0
2021-04-19,0
2021-04-18,0
2021-04-17,0
2021-04-16,0
2021-04-15,0
2021-04-14,0
2021-04-13,0
2021-04-12,0
2021-04-11,0
2021-04-10,0
2021-04-09,0
2021-04-08,0
2021-04-07,0
2021-04-06,0
2021-04-05,0
2021-04-04,0
2021-04-03,0
2021-04-02,0
2021-04-01,0
2021-03-31,0
2021-03-30,0
2021-03-29,0
2021-03-28,0
2021-03-27,0
2021-03-26,0
2021-03-25,0
2021-03-24,0
2021-03-23,0
2021-03-22,0
2021-03-21,0
2021-03-20,0
2021-03-19,0
2021-03-18,0
2021-03-17,0
2021-03-16,0
2021-03-15,0
2021-03-14,0
2021-03-13,0
2021-03-12,0
2021-03-11,0
2021-03-10,0
2021-03-09,0
2021-03-08,0
2021-03-07,0
2021-03-06,0
2021-03-05,0
2021-03-04,0
2021-03-03,0
2021-03-02,0
2021-03-01,0
2021-02-28,0
2021-02-27,0
2021-02-26,0
2021-02-25,0
2021-02-24,0
2021-02-23,0
2021-02-22,0
2021-02-21,0
2021-02-20,0
2021-02-19,0
2021-02-18,0
2021-02-17,0
2021-02-16,0
2021-02-15,0
2021-02-14,0
2021-02-13,0
2021-02-12,0
2021-02-11,0
2021-02-10,0
2021-02-09,0
2021-02-08,0
2021-02-07,0
2021-02-06,0
2021-02-05,0
2021-02-04,0
2021-02-03,0
2021-02-02,0
2021-02-01,0
2021-01-31,0
2021-01-30,0
2021-01-29,0
2021-01-28,0
2021-01-27,0
2021-01-26,0
2021-01-25,0
2021-01-24,0
2021-01-23,0
2021-01-22,0
2021-01-21,0
2021-01-20,0
2021-01-19,0
2021-01-18,0
2021-01-17,0
2021-01-16,0
2021-01-15,0
2021-01-14,0
2021-01-13,0
2021-01-12,0
2021-01-11,0
2021-01-10,0
2021-01-09,0
2021-01-08,0
2021-01-07,0
2021-01-06,0
2021-01-05,0
2021-01-04,0
2021-01-03,0
2021-01-02,0
2021-01-01,0
2020-12-31,0
2020-12-30,0
2020-12-29,0
2020-12-28,0
2020-12-27,0
2020-12-26,0
2020-12-25,0
2020-12-24,0
2020-12-23,0
2020-12-22,0
2020-12-21,0
2020-12-20,0
2020-12-19,0
2020-12-18,0
2020-12-17,0
2020-12-16,0
2020-12-15,0
2020-12-14,0
2020-12-13,0
2020-12-12,0
2020-12-11,0
2020-12-10,0
2020-12-09,0
2020-12-08,0
2020-12-07,0
2020-12-06,0
2020-12-05,0
2020-12-04,0
2020-12-03,0
2020-12-02,0
2020-12-01,0
2020-11-30,0
2020-11-29,0
2020-11-28,0
2020-11-27,0
2020-11-26,0
2020-11-25,0
2020-11-24,0
2020-11-23,0
2020-11-22,0
2020-11-21,0
2020-11-20,0
2020-11-19,0
2020-11-18,0
2020-11-17,0
2020-11-16,0
2020-11-15,0
2020-11-14,0
2020-11-13,0
2020-11-12,0
2020-11-11,0
2020-11-10,0
2020-11-09,0
2020-11-08,0
2020-11-07,0
2020-11-06,0
2020-11-05,0
2020-11-04,0
2020-11-03,0
2020-11-02,0
2020-11-01,0
2020-10-31,0
2020-10-30,0
2020-10-29,0
2020-10-28,0
2020-10-27,0
2020-10-26,0
2020-10-25,0
2020-10-24,0
2020-10-23,0
2020-10-22,0
2020-10-21,0
2020-10-20,0
2020-10-19,0
2020-10-18,0
2020-10-17,0
2020-10-16,0
2020-10-15,0
2020-10-14,0
2020-10-13,0
2020-10-12,0
2020-10-11,0
2020-10-10,0
2020-10-09,0
2020-10-08,0
2020-10-07,0
2020-10-06,0
2020-10-05,0
2020-10-04,0
2020-10-03,0
2020-10-02,0
2020-10-01,0
2020-09-30,0
2020-09-29,0
2020-09-28,0
2020-09-27,0
2020-09-26,0
2020-09-25,0
2020-09-24,0
2020-09-23,0
2020-09-22,0
2020-09-21,0
2020-09-20,0
2020-09-19,0
2020-09-18,0
2020-09-17,0
2020-09-16,0
2020-09-15,0
2020-09-14,0
2020-09-13,0
2020-09-12,0
2020-09-11,0
2020-09-10,0
2020-09-09,0
2020-09-08,0
2020-09-07,0
2020-09-06,0
2020-09-05,0
2020-09-04,0
2020-09-03,0
2020-09-02,0
2020-09-01,0
2020-08-31,0
2020-08-30,0
2020-08-29,0
2020-08-28,0
2020-08-27,0
2020-08-26,0
2020-08-25,0
2020-08-24,0
2020-08-23,0
2020-08-22,0
2020-08-21,0
2020-08-20,0
2020-08-19,0
2020-08-18,0
2020-08-17,0
2020-08-16,0
2020-08-15,0
2020-08-14,0
2020-08-13,0
2020-08-12,0
2020-08-11,0
2020-08-10,0
2020-08-09,0
2020-08-08,0
2020-08-07,0
2020-08-06,0
2020-08-05,0
2020-08-04,0
2020-08-03,0
2020-08-02,0
2020-08-01,0
2020-07-31,0
2020-07-30,0
2020-07-29,0
2020-07-28,0
2020-07-27,0
2020-07-26,0
2020-07-25,0
2020-07-24,0
2020-07-23,0
2020-07-22,0
2020-07-21,0
2020-07-20,0
2020-07-19,0
2020-07-18,0
2020-07-17,0
2020-07-16,0
2020-07-15,0
2020-07-14,0
2020-07-13,0
2020-07-12,0
2020-07-11,0
2020-07-10,0
2020-07-09,0
2020-07-08,0
2020-07-07,0
2020-07-06,0
2020-07-05,0
2020-07-04,0
2020-07-03,0
2020-07-02,0
2020-07-01,0
2020-06-30,0
2020-06-29,0
2020-06-28,0
2020-06-27,0
2020-06-26,0
2020-06-25,0
2020-06-24,0
2020-06-23,0
2020-06-22,0
2020-06-21,0
2020-06-20,0
2020-06-19,0
2020-06-18,0
2020-06-17,0
2020-06-16,0
2020-06-15,0
2020-06-14,0
2020-06-13,0
2020-06-12,0
2020-06-11,0
2020-06-10,0
2020-06-09,0
2020-06-08,0
2020-06-07,0
2020-06-06,0
2020-06-05,0
2020-06-04,0
2020-06-03,0
2020-06-02,0
2020-06-01,0
2020-05-31,0
2020-05-30,0
2020-05-29,0
2020-05-28,0
2020-05-27,0
2020-05-26,0
2020-05-25,0
2020-05-24,0
2020-05-23,0
2020-05-22,0
2020-05-21,0
2020-05-20,0
2020-05-19,0
2020-05-18,0
2020-05-17,0
2020-05-16,0
2020-05-15,0
2020-05-14,0
2020-05-13,0
2020-05-12,0
2020-05-11,0
2020-05-10,0
2020-05-09,0
2020-05-08,0
2020-05-07,0
2020-05-06,0
2020-05-05,0
2020-05-04,0
2020-05-03,0
2020-05-02,0
2020-05-01,0
2020-04-30,0
2020-04-29,0
2020-04-28,0
2020-04-27,0
2020-04-26,0
2020-04-25,0
2020-04-24,0
2020-04-23,0
2020-04-22,0
2020-04-21,0
2020-04-20,0
2020-04-19,0
2020-04-18,0
2020-04-17,0
2020-04-16,0
2020-04-15,0
2020-04-14,0
2020-04-13,0
2020-04-12,0
2020-04-11,0
2020-04-10,0
2020-04-09,0
2020-04-08,0
2020-04-07,0
2020-04-06,0
2020-04-05,0
2020-04-04,0
2020-04-03,0
2020-04-02,0
2020-04-01,0
2020-03-31,0
2020-03-30,0
2020-03-29,0
2020-03-28,0
2020-03-27,0
2020-03-26,0
2020-03-25,0
2020-03-24,0
2020-03-23,0
2020-03-22,0
2020-03-21,0
2020-03-20,0
2020-03-19,0
2020-03-18,0
2020-03-17,0
2020-03-16,0
2020-03-15,0
2020-03-14,0
2020-03-13,0
2020-03-12,0
2020-03-11,0
2020-03-10,0
2020-03-09,0
2020-03-08,0
2020-03-07,0
2020-03-06,0
2020-03-05,0
2020-03-04,0
2020-03-03,0
2020-03-02,0
2020-03-01,0
2020-02-29,0
2020-02-28,0
2020-02-27,0
2020-02-26,0
2020-02-25,0
2020-02-24,0
2020-02-23,0
2020-02-22,0
2020-02-21,0
2020-02-20,0
2020-02-19,0
2020-02-18,0
2020-02-17,0
2020-02-16,0
2020-02-15,0
2020-02-14,0
2020-02-13,0
2020-02-12,0
2020-02-11,0
2020-02-10,0
2020-02-09,0
2020-02-08,0
2020-02-07,0
2020-02-06,0
2020-02-05,0
2020-02-04,0
2020-02-03,0
2020-02-02,0
2020-02-01,0
2020-01-31,0
2020-01-30,0
2020-01-29,0
2020-01-28,0
2020-01-27,0
2020-01-26,0
2020-01-25,0
2020-01-24,0
2020-01-23,0
2020-01-22,0
2020-01-21,0
2020-01-20,0
2020-01-19,0
2020-01-18,0
2020-01-17,0
2020-01-16,0
2020-01-15,0
2020-01-14,0
2020-01-13,0
2020-01-12,0
2020-01-11,0
2020-01-10,0
2020-01-09,0
2020-01-08,0
2020-01-07,0
2020-01-06,0
2020-01-05,0
2020-01-04,0
2020-01-03,0
2020-01-02,0
2020-01-01,0
2019-12-31,0
2019-12-30,0
2019-12-29,0
2019-12-28,0
2019-12-27,0
2019-12-26,0
2019-12-25,0
2019-12-24,0
2019-12-23,0
2019-12-22,0
2019-12-21,0
2019-12-20,0
2019-12-19,0
2019-12-18,0
2019-12-17,0
2019-12-16,0
2019-12-15,0
2019-12-14,0
2019-12-13,0
2019-12-12,0
2019-12-11,0
2019-12-10,0
2019-12-09,0
2019-12-08,0
2019-12-07,0
2019-12-06,0
2019-12-05,0
2019-12-04,0
2019-12-03,0
2019-12-02,0
2019-12-01,0
2019-11-30,0
2019-11-29,0
2019-11-28,0
2019-11-27,0
2019-11-26,0
2019-11-25,0
2019-11-24,0
2019-11-23,0
2019-11-22,0
2019-11-21,0
2019-11-20,0
2019-11-19,0
2019-11-18,0
2019-11-17,0
2019-11-16,0
2019-11-15,0
2019-11-14,0
2019-11-13,0
2019-11-12,0
2019-11-11,0
2019-11-10,0
2019-11-09,0
2019-11-08,0
2019-11-07,0
2019-11-06,0
2019-11-05,0
2019-11-04,0
2019-11-03,0
2019-11-02,0
2019-11-01,0
2019-10-31,0
2019-10-30,0
2019-10-29,0
2019-10-28,0
2019-10-27,0
2019-10-26,0
2019-10-25,0
2019-10-24,0
2019-10-23,0
2019-10-22,0
2019-10-21,0
2019-10-20,0
2019-10-19,0
2019-10-18,0
2019-10-17,0
2019-10-16,0
2019-10-15,0
2019-10-14,0
2019-10-13,0
2019-10-12,0
2019-10-11,0
2019-10-10,0
2019-10-09,0
2019-10-08,0
2019-10-07,0
2019-10-06,0
2019-10-05,0
2019-10-04,0
2019-10-03,0
2019-10-02,0
2019-10-01,0
2019-09-30,0
2019-09-29,0
2019-09-28,0
2019-09-27,0
2019-09-26,0
2019-09-25,0
2019-09-24,0
2019-09-23,0
2019-09-22,0
2019-09-21,0
2019-09-20,0
2019-09-19,0
2019-09-18,0
2019-09-17,0
2019-09-16,0
2019-09-15,0
2019-09-14,0
2019-09-13,0
2019-09-12,0
2019-09-11,0
2019-09-10,0
2019-09-09,0
2019-09-08,0
2019-09-07,0
2019-09-06,0
2019-09-05,0
2019-09-04,0
2019-09-03,0
2019-09-02,0
2019-09-01,0
2019-08-31,0
2019-08-30,0
2019-08-29,0
2019-08-28,0
2019-08-27,0
2019-08-26,0
2019-08-25,0
2019-08-24,0
2019-08-23,0
2019-08-22,0
2019-08-21,0
2019-08-20,0
2019-08-19,0
2019-08-18,0
2019-08-17,0
2019-08-16,0
2019-08-15,0
2019-08-14,0
2019-08-13,0
2019-08-12,0
2019-08-11,0
2019-08-10,0
2019-08-09,0
2019-08-08,0
2019-08-07,0
2019-08-06,0
2019-08-05,0
2019-08-04,0
2019-08-03,0
2019-08-02,0
2019-08-01,0
2019-07-31,0
2019-07-30,0
2019-07-29,0
2019-07-28,0
2019-07-27,0
2019-07-26,0
2019-07-25,0
2019-07-24,0
2019-07-23,0
2019-07-22,0
2019-07-21,0
2019-07-20,0
2019-07-19,0
2019-07-18,0
2019-07-17,0
2019-07-16,0
2019-07-15,0
2019-07-14,0
2019-07-13,0
2019-07-12,0
2019-07-11,0
2019-07-10,0
2019-07-09,0
2019-07-08,0
2019-07-07,0
2019-07-06,0
2019-07-05,0
2019-07-04,0
2019-07-03,0
2019-07-02,0
2019-07-01,0
2019-06-30,0
2019-06-29,0
2019-06-28,0
2019-06-27,0
2019-06-26,0
2019-06-25,0
2019-06-24,0
2019-06-23,0
2019-06-22,0
2019-06-21,0
2019-06-20,0
2019-06-19,0
2019-06-18,0
2019-06-17,0
2019-06-16,0
2019-06-15,0
2019-06-14,0
2019-06-13,0
2019-06-12,0
2019-06-11,0
2019-06-10,0
2019-06-09,0
2019-06-08,0
2019-06-07,0
2019-06-06,0
2019-06-05,0
2019-06-04,0
2019-06-03,0
2019-06-02,0
2019-06-01,0
2019-05-31,0
2019-05-30,0
2019-05-29,0
2019-05-28,0
2019-05-27,0
2019-05-26,0
2019-05-25,0
2019-05-24,0
2019-05-23,0
2019-05-22,0
2019-05-21,0
2019-05-20,0
2019-05-19,0
2019-05-18,0
2019-05-17,0
2019-05-16,0
2019-05-15,0
2019-05-14,0
2019-05-13,0
2019-05-12,0
2019-05-11,0
2019-05-10,0
2019-05-09,0
2019-05-08,0
2019-05-07,0
2019-05-06,0
2019-05-05,0
2019-05-04,0
2019-05-03,0
2019-05-02,0
2019-05-01,0
2019-04-30,0
2019-04-29,0
2019-04-28,0
2019-04-27,0
2019-04-26,0
2019-04-25,0
2019-04-24,0
2019-04-23,0
2019-04-22,0
2019-04-21,0
2019-04-20,0
2019-04-19,0
2019-04-18,0
2019-04-17,0
2019-04-16,0
2019-04-15,0
2019-04-14,0
2019-04-13,0
2019-04-12,0
2019-04-11,0
2019-04-10,0
2019-04-09,0
2019-04-08,0
2019-04-07,0
2019-04-06,0
2019-04-05,0
2019-04-04,0
2019-04-03,0
2019-04-02,0
2019-04-01,0
2019-03-31,0
2019-03-30,0
2019-03-29,0
2019-03-28,0
2019-03-27,0
2019-03-26,0
2019-03-25,0
2019-03-24,0
2019-03-23,0
2019-03-22,0
2019-03-21,0
2019-03-20,0
2019-03-19,0
2019-03-18,0
2019-03-17,0
2019-03-16,0
2019-03-15,0
2019-03-14,0
2019-03-13,0
2019-03-12,0
2019-03-11,0
2019-03-10,0
2019-03-09,0
2019-03-08,0
2019-03-07,0
2019-03-06,0
2019-03-05,0
2019-03-04,0
2019-03-03,0
2019-03-02,0
2019-03-01,0
2019-02-28,0
2019-02-27,0
2019-02-26,0
2019-02-25,0
2019-02-24,0
2019-02-23,0
2019-02-22,0
2019-02-21,0
2019-02-20,0
2019-02-19,0
2019-02-18,0
2019-02-17,0
2019-02-16,0
2019-02-15,0
2019-02-14,0
2019-02-13,0
2019-02-12,0
2019-02-11,0
2019-02-10,0
2019-02-09,0
2019-02-08,0
2019-02-07,0
2019-02-06,0
2019-02-05,0
2019-02-04,0
2019-02-03,0
2019-02-02,0
2019-02-01,0
2019-01-31,0
2019-01-30,0
2019-01-29,0
2019-01-28,0
2019-01-27,0
2019-01-26,0
2019-01-25,0
2019-01-24,0
2019-01-23,0
2019-01-22,0
2019-01-21,0
2019-01-20,0
2019-01-19,0
2019-01-18,0
2019-01-17,0
2019-01-16,0
2019-01-15,0
2019-01-14,0
2019-01-13,0
2019-01-12,0
2019-01-11,0
2019-01-10,0
2019-01-09,0
2019-01-08,0
2019-01-07,0
2019-01-06,0
2019-01-05,0
2019-01-04,0
2019-01-03,0
2019-01-02,0
2019-01-01,0
2018-12-31,0
2018-12-30,0
2018-12-29,0
2018-12-28,0
2018-12-27,0
2018-12-26,0
2018-12-25,0
2018-12-24,0
2018-12-23,0
2018-12-22,0
2018-12-21,0
2018-12-20,0
2018-12-19,0
2018-12-18,0
2018-12-17,0
2018-12-16,0
2018-12-15,0
2018-12-14,0
2018-12-13,0
2018-12-12,0
2018-12-11,0
2018-12-10,0
2018-12-09,0
2018-12-08,0
2018-12-07,0
2018-12-06,0
2018-12-05,0
2018-12-04,0
2018-12-03,0
2018-12-02,0
2018-12-01,0
2018-11-30,0
2018-11-29,0
2018-11-28,0
2018-11-27,0
2018-11-26,0
2018-11-25,0
2018-11-24,0
2018-11-23,0
2018-11-22,0
2018-11-21,0
2018-11-20,0
2018-11-19,0
2018-11-18,0
2018-11-17,0
2018-11-16,0
2018-11-15,0
2018-11-14,0
2018-11-13,0
2018-11-12,0
2018-11-11,0
2018-11-10,0
2018-11-09,0
2018-11-08,0
2018-11-07,0
2018-11-06,0
2018-11-05,0
2018-11-04,0
2018-11-03,0
2018-11-02,0
2018-11-01,0
2018-10-31,0
2018-10-30,0
2018-10-29,0
2018-10-28,0
2018-10-27,0
2018-10-26,0
2018-10-25,0
2018-10-24,0
2018-10-23,0
2018-10-22,0
2018-10-21,0
2018-10-20,0
2018-10-19,0
2018-10-18,0
2018-10-17,0
2018-10-16,0
2018-10-15,0
2018-10-14,0
2018-10-13,0
2018-10-12,0
2018-10-11,0
2018-10-10,0
2018-10-09,0
2018-10-08,0
2018-10-07,0
2018-10-06,0
2018-10-05,0
2018-10-04,0
2018-10-03,0
2018-10-02,0
2018-10-01,0
2018-09-30,0
2018-09-29,0
2018-09-28,0
2018-09-27,0
2018-09-26,0
2018-09-25,0
2018-09-24,0
2018-09-23,0
2018-09-22,0
2018-09-21,0
2018-09-20,0
2018-09-19,0
2018-09-18,0
2018-09-17,0
2018-09-16,0
2018-09-15,0
2018-09-14,0
2018-09-13,0
2018-09-12,0
2018-09-11,0
2018-09-10,0
2018-09-09,0
2018-09-08,0
2018-09-07,0
2018-09-06,0
2018-09-05,0
2018-09-04,0
2018-09-03,0
2018-09-02,0
2018-09-01,0
2018-08-31,0
2018-08-30,0
2018-08-29,0
2018-08-28,0
2018-08-27,0
2018-08-26,0
2018-08-25,0
2018-08-24,0
2018-08-23,0
2018-08-22,0
2018-08-21,0
2018-08-20,0
2018-08-19,0
2018-08-18,0
2018-08-17,0
2018-08-16,0
2018-08-15,0
2018-08-14,0
2018-08-13,0
2018-08-12,0
2018-08-11,0
2018-08-10,0
2018-08-09,0
2018-08-08,0
2018-08-07,0
2018-08-06,0
2018-08-05,0
2018-08-04,0
2018-08-03,0
2018-08-02,0
2018-08-01,0
2018-07-31,0
2018-07-30,0
2018-07-29,0
2018-07-28,0
2018-07-27,0
2018-07-26,0
2018-07-25,0
2018-07-24,0
2018-07-23,0
2018-07-22,0
2018-07-21,0
2018-07-20,0
2018-07-19,0
2018-07-18,0
2018-07-17,0
2018-07-16,0
2018-07-15,0
2018-07-14,0
2018-07-13,0
2018-07-12,0
2018-07-11,0
2018-07-10,0
2018-07-09,0
2018-07-08,0
2018-07-07,0
2018-07-06,0
2018-07-05,0
2018-07-04,0
2018-07-03,0
2018-07-02,0
2018-07-01,0
2018-06-30,0
2018-06-29,0
2018-06-28,0
2018-06-27,0
2018-06-26,0
2018-06-25,0
2018-06-24,0
2018-06-23,0
2018-06-22,0
2018-06-21,0
2018-06-20,0
2018-06-19,0
2018-06-18,0
2018-06-17,0
2018-06-16,0
2018-06-15,0
2018-06-14,0
2018-06-13,0
2018-06-12,0
2018-06-11,0
2018-06-10,0
2018-06-09,0
2018-06-08,0
2018-06-07,0
2018-06-06,0
2018-06-05,0
2018-06-04,0
2018-06-03,0
2018-06-02,0
2018-06-01,0
2018-05-31,0
2018-05-30,0
2018-05-29,0
2018-05-28,0
2018-05-27,0
2018-05-26,0
2018-05-25,0
2018-05-24,0
2018-05-23,0
2018-05-22,0
2018-05-21,0
2018-05-20,0
2018-05-19,0
2018-05-18,0
2018-05-17,0
2018-05-16,0
2018-05-15,0
2018-05-14,0
2018-05-13,0
2018-05-12,0
2018-05-11,0
2018-05-10,0
2018-05-09,0
2018-05-08,0
2018-05-07,0
2018-05-06,0
2018-05-05,0
2018-05-04,0
2018-05-03,0
2018-05-02,0
2018-05-01,0
2018-04-30,0
2018-04-29,0
2018-04-28,0
2018-04-27,0
2018-04-26,0
2018-04-25,0
2018-04-24,0
2018-04-23,0
2018-04-22,0
2018-04-21,0
2018-04-20,0
2018-04-19,0
2018-04-18,0
2018-04-17,0
2018-04-16,0
2018-04-15,0
2018-04-14,0
2018-04-13,0
2018-04-12,0
2018-04-11,0
2018-04-10,0
2018-04-09,0
2018-04-08,0
2018-04-07,0
2018-04-06,0
2018-04-05,0
2018-04-04,0
2018-04-03,0
2018-04-02,0
2018-04-01,0
2018-03-31,0
2018-03-30,0
2018-03-29,0
2018-03-28,0
2018-03-27,0
2018-03-26,0
2018-03-25,0
2018-03-24,0
2018-03-23,0
2018-03-22,0
2018-03-21,0
2018-03-20,0
2018-03-19,0
2018-03-18,0
2018-03-17,0
2018-03-16,0
2018-03-15,0
2018-03-14,0
2018-03-13,0
2018-03-12,0
2018-03-11,0
2018-03-10,0
2018-03-09,0
2018-03-08,0
2018-03-07,0
2018-03-06,0
2018-03-05,0
2018-03-04,0
2018-03-03,0
2018-03-02,0
2018-03-01,0
2018-02-28,0
2018-02-27,0
2018-02-26,0
2018-02-25,0
2018-02-24,0
2018-02-23,0
2018-02-22,0
2018-02-21,0
2018-02-20,0
2018-02-19,0
2018-02-18,0
2018-02-17,0
2018-02-16,0
2018-02-15,0
2018-02-14,0
2018-02-13,0
2018-02-12,0
2018-02-11,0
2018-02-10,0
2018-02-09,0
2018-02-08,0
2018-02-07,0
2018-02-06,0
2018-02-05,0
2018-02-04,0
2018-02-03,0
2018-02-02,0
2018-02-01,0
2018-01-31,0
2018-01-30,0
2018-01-29,0
2018-01-28,0
2018-01-27,0
2018-01-26,0
2018-01-25,0
2018-01-24,0
2018-01-23,0
2018-01-22,0
2018-01-21,0
2018-01-20,0
2018-01-19,0
2018-01-18,0
2018-01-17,0
2018-01-16,0
2018-01-15,0
2018-01-14,0
2018-01-13,0
2018-01-12,0
2018-01-11,0
2018-01-10,0
2018-01-09,0
2018-01-08,0
2018-01-07,0
2018-01-06,0
2018-01-05,0
2018-01-04,0
2018-01-03,0
2018-01-02,0
2018-01-01,0
2017-12-31,0
2017-12-30,0
2017-12-29,0
2017-12-28,0
2017-12-27,0
2017-12-26,0
2017-12-25,0
2017-12-24,0
2017-12-23,0
2017-12-22,0
2017-12-21,0
2017-12-20,0
2017-12-19,0
2017-12-18,0
2017-12-17,0
2017-12-16,0
2017-12-15,0
2017-12-14,0
2017-12-13,0
2017-12-12,0
2017-12-11,0
2017-12-10,0
2017-12-09,0
2017-12-08,0
2017-12-07,0
2017-12-06,0
2017-12-05,0
2017-12-04,0
2017-12-03,0
2017-12-02,0
2017-12-01,0
2017-11-30,0
2017-11-29,0
2017-11-28,0
2017-11-27,0
2017-11-26,0
2017-11-25,0
2017-11-24,0
2017-11-23,0
2017-11-22,0
2017-11-21,0
2017-11-20,0
2017-11-19,0
2017-11-18,0
2017-11-17,0
2017-11-16,0
2017-11-15,0
2017-11-14,0
2017-11-13,0
2017-11-12,0
2017-11-11,0
2017-11-10,0
2017-11-09,0
2017-11-08,0
2017-11-07,0
2017-11-06,0
2017-11-05,0
2017-11-04,0
2017-11-03,0
2017-11-02,0
2017-11-01,0
2017-10-31,0
2017-10-30,0
2017-10-29,0
2017-10-28,0
2017-10-27,0
2017-10-26,0
2017-10-25,0
2017-10-24,0
2017-10-23,0
2017-10-22,0
2017-10-21,0
2017-10-20,0
2017-10-19,0
2017-10-18,0
2017-10-17,0
2017-10-16,0
2017-10-15,0
2017-10-14,0
2017-10-13,0
2017-10-12,0
2017-10-11,0
2017-10-10,0
2017-10-09,0
2017-10-08,0
2017-10-07,0
2017-10-06,0
2017-10-05,0
2017-10-04,0
2017-10-03,0
2017-10-02,0
2017-10-01,0
2017-09-30,0
2017-09-29,0
2017-09-28,0
2017-09-27,0
2017-09-26,0
2017-09-25,0
2017-09-24,0
2017-09-23,0
2017-09-22,0
2017-09-21,0
2017-09-20,0
2017-09-19,0
2017-09-18,0
2017-09-17,0
2017-09-16,0
2017-09-15,0
2017-09-14,0
2017-09-13,0
2017-09-12,0
2017-09-11,0
2017-09-10,0
2017-09-09,0
2017-09-08,0
2017-09-07,0
2017-09-06,0
2017-09-05,0
2017-09-04,17.4
2017-09-03,13.71
2016-11-07,3.98
2016-11-06,6.98
2016-11-05,0
2016-11-04,23.06
2016-11-03,14.31
2016-11-02,10.58
2016-11-01,8.68
2016-10-31,8.45
2016-10-30,3.95
2016-10-29,0
2016-10-28,0
2016-10-27,0
2016-10-26,0
2016-10-25,0
2016-10-24,0
2016-10-23,0
2016-10-22,0
2016-10-21,0
2016-10-20,0
2016-10-19,0
2016-10-18,0
2016-10-17,0
2016-10-16,0
2016-10-15,0
2016-10-14,0
2016-10-13,0
2016-10-12,0
2016-10-11,0
2016-10-10,0
2016-10-09,0
2016-09-27,6.4
2016-09-26,0
2016-09-25,0
2016-09-24,0
2016-09-23,0
2016-09-22,4.53
2016-09-21,0
2016-09-20,0
2016-09-19,0
2016-09-18,0
2016-09-17,0
2016-09-16,0
2016-09-15,0
2016-09-14,2.64
2016-09-13,0
2016-09-12,0
2016-09-11,0
2016-09-10,0
2016-09-09,2.69
2016-09-08,0
2016-09-07,0
2016-09-06,0
2016-09-05,0
2016-09-04,11.26
2016-09-03,0
2016-09-02,0
2016-09-01,50.23
2016-08-31,30.85
2016-08-30,48.24
2016-08-29,55.23
2016-08-28,3.06
2016-08-27,2.87
2016-08-26,40.7
2016-08-25,57.86
2016-08-24,42.59
2016-08-23,31.86
2016-08-22,69.18
2016-08-21,0
2016-08-20,27
2016-08-19,10.41
2016-08-18,54.26
2016-08-17,61.02
2016-08-16,51.35
2016-08-15,46.16
2016-08-14,0
2016-08-13,0
2016-08-12,54.07
2016-08-11,60.19
2016-08-10,36.57
2016-08-09,38.8
2016-08-08,13.76
2016-08-07,0
2016-08-06,6.79
2016-08-05,26.6
2016-08-04,26.79
2016-08-03,45.27
2016-08-02,41
2016-08-01,33.41
2016-07-31,0
2016-07-30,7.22
2016-07-29,27.66
2016-07-28,41.91
2016-07-27,32.54
2016-07-26,32.64
2016-07-25,49.03
2016-07-24,7.29
2016-07-23,0
2016-07-22,44.13
2016-07-21,0
2016-07-20,32.45
2016-07-19,29.56
2016-07-18,46.62
2016-07-17,8
2016-07-16,0
2016-07-15,27.69
2016-07-14,38.17
2016-07-13,41.75
2016-07-12,22.79
2016-07-11,0
2016-07-10,0
2016-07-09,0
2016-07-08,0
2016-07-07,0
2016-07-06,0
2016-07-05,0
2016-07-04,0.12
2016-07-03,4.89
2016-07-02,3.41
2016-07-01,0
2016-06-30,27
2016-06-29,73.45
2016-06-28,18.77
2016-06-27,35.33
2016-06-26,0
2016-06-25,0
2016-06-24,27.36
2016-06-23,39.27
2016-06-22,36.63
2016-06-21,30.23
2016-06-20,22.01
2016-06-19,0
2016-06-18,0
2016-06-17,15.81
2016-06-16,29.81
2016-06-15,46.5
2016-06-14,26.61
2016-06-13,39.14
2016-06-12,6.09
2016-06-11,2.85
2016-06-10,47.34
2016-06-09,40.87
2016-06-08,30.02
2016-06-07,14.87
2016-06-06,40.24
2016-06-05,0
2016-06-04,11.55
2016-06-03,12.93
2016-06-02,32.03
2016-06-01,30.69
2016-05-31,42.57
2016-05-30,2.19
2016-05-29,5.12
2016-05-28,3.31
2016-05-27,19
2016-05-26,45.32
2016-05-25,17.2
2016-05-24,38.44
2016-05-23,37.09
2016-05-22,8.73
2016-05-21,0
2016-05-20,31.17
2016-05-19,45.72
2016-05-18,34.94
2016-05-17,41.85
2016-05-16,26.54
2016-05-15,0
2016-05-14,0
2016-05-13,14.08
2016-05-12,45.5
2016-05-11,33.55
2016-05-10,44.79
2016-05-09,29.14
2016-05-08,0
2016-05-07,9.43
2016-05-06,36.65
2016-05-05,36.08
2016-05-04,41.52
2016-05-03,36.27
2016-05-02,29.3
2016-05-01,0
2016-04-30,2.33
2016-04-29,40.16
2016-04-28,42.74
2016-04-27,43.89
2016-04-26,32.17
2016-04-25,37.46
2016-04-24,0
2016-04-23,0
2016-04-22,22.52
2016-04-21,44.86
2016-04-20,72.67
2016-04-19,0
2016-04-18,0
2016-04-17,0
2016-04-16,0
2016-04-15,0
2016-04-14,0
2016-04-13,23.33
2016-04-12,22.78
2016-04-11,40.41
2016-04-10,0
2016-04-09,5.5
2016-04-08,23.68
2016-04-07,16.13
2016-04-06,28.02
2016-04-05,27.21
2016-04-04,18.54
2016-04-03,39.86
2016-04-02,0
2016-04-01,22.56
2016-03-31,12.94
2016-03-30,19.51
2016-03-29,44.81
2016-03-28,49.55
2016-03-27,0
2016-03-26,3.1
2016-03-25,18.14
2016-03-24,9.75
2016-03-23,1.45
2016-03-22,40.55
2016-03-21,10.99
2016-03-20,5.19
2016-03-19,2.4
2016-03-18,17.24
2016-03-17,37.76
2016-03-16,32.83
2016-03-15,15.49
2016-03-14,23.33
2016-03-13,0
2016-03-12,0
2016-03-11,34.59
2016-03-10,10.94
2016-03-09,23.79
2016-03-08,24.75
2016-03-07,22.89
2016-03-06,0
2016-03-05,0
2016-03-04,35.87
2016-03-03,20.72
2016-03-02,35.45
2016-03-01,44.26
2016-02-29,54.47
2016-02-28,0
2016-02-27,0
2016-02-26,36.1
2016-02-25,25.22
2016-02-24,17.09
2016-02-23,0
2016-02-22,0
2016-02-21,0
2016-02-20,0
2015-03-03,34.46
2015-03-02,83.88
2015-03-01,0
2015-02-28,75.4
2015-02-27,61.52
2015-02-26,0
2015-02-25,29.84
2015-02-24,4.74
2015-02-23,52.01
2015-02-22,31.07
2015-02-21,129.53
2015-02-20,55.24
2015-02-19,63.46
2015-02-18,0
2015-02-17,0
2015-02-16,0
2015-02-15,0
2015-02-14,46.7
2015-02-13,108.57
2015-02-12,14.77
2015-02-11,13.32
2015-02-10,50.41
2015-02-09,68.35
2015-02-08,10.11
2015-02-07,6.32
2015-02-06,48.48
2015-02-05,40.09
2015-02-04,51.39
2015-02-03,75.01
2015-02-02,47.51
2015-02-01,0
2015-01-31,11.21
2015-01-30,30.65
2015-01-29,51.06
2015-01-28,55.31
2015-01-27,72.72
2015-01-26,31.37
2015-01-25,0
2015-01-24,5.42
2015-01-23,32.13
2015-01-22,40.57
2015-01-21,85.58
2015-01-20,38.58
2015-01-19,0
2015-01-18,0
2015-01-17,0
2015-01-16,0
2015-01-15,0
2015-01-14,0
2015-01-13,0
2015-01-12,0
2015-01-11,0
2014-12-26,0
2014-12-25,12.82
2014-12-24,21.72
2014-12-23,69.83
2014-12-22,54.54
2014-12-21,5.63
2014-12-20,5.77
2014-12-19,13.49
2014-12-18,49.02
2014-12-17,26.13
2014-12-16,7.63
2014-12-15,0
2014-12-14,5.33
2014-12-13,2.65
2014-12-12,0
2014-12-11,36.69
2014-12-10,48.42
2014-12-09,59.05
2014-12-08,71.72
2014-12-07,31.19
2014-12-06,5.91
2014-12-05,27.47
2014-12-04,62.67
2014-12-03,59.66
2014-12-02,62.89
2014-12-01,30.14
2014-11-30,0
2014-11-29,23.17
2014-11-28,0
2014-11-27,0
2014-11-26,46.79
2014-11-25,83.2
2014-11-24,61.79
2014-11-23,11.26
2014-11-22,0
2014-02-10,18.44
2014-02-07,10.18
2014-02-06,77.53
2014-02-05,37.71
2014-02-04,61.49
2014-02-03,64.83
2014-02-01,5.91
2014-01-31,125.01
2014-01-30,76.95
2014-01-29,20
2014-01-28,45.7
2014-01-27,15.95
2013-12-19,5.41
2013-12-18,11.97
2013-12-16,31.07
2013-12-13,64.24
2013-12-12,25.76
2013-12-11,38.98
2013-12-10,21.44
2013-12-09,54.51
2013-12-06,53.27
2013-12-05,56.66
2013-12-03,60.43
2013-12-02,57.17
2013-11-27,36.93
2013-11-26,77.83
2013-11-25,44.29
2013-11-23,16.64
2013-11-22,40.43
2013-11-21,46.32
2013-11-20,28.16
2013-11-19,59.01
2013-11-18,93.24
2013-11-17,0.48
2013-11-16,4.3
2013-11-15,34.35
2013-11-14,1.22
2013-11-13,45.52
2013-11-12,59.17
2013-11-11,41.07
2013-11-10,24.46
2013-11-09,39.28
2013-11-08,56.12
2013-11-07,46.53
2013-11-06,44.21
2013-11-05,55.27
2013-11-04,84.57
2013-11-02,4.43
2013-11-01,29.37
2013-10-30,28.65
2013-10-29,51.13
2013-10-28,25.72
2013-10-27,4.97
2013-10-25,31.28
2013-10-23,31.72
2013-10-22,41.55
2013-10-21,29.12
2013-10-20,4.23
2013-10-19,2.68
2013-10-18,0.92
2013-10-17,0.91
2013-10-16,1.51
2013-10-01,18.52
2013-09-30,57.24
2013-09-29,10.18
2013-09-28,13.17
2013-09-27,31.57
2013-09-26,6.05
2013-09-25,7.5
2013-09-24,32.09
2013-09-23,51.07
2013-09-22,10.15
2013-09-21,7.23
2013-09-20,34.46
2013-09-19,5.94
2013-09-18,7.12
2013-09-17,42.72
2013-09-16,46.75
2013-09-15,14.67
2013-09-14,25.19
2013-09-13,31.82
2013-09-12,56.64
2013-09-11,62.46
2013-09-10,23.62
2013-09-09,37.44
2013-09-08,17.86
2013-09-07,20.99
2013-09-06,23.63
2013-09-05,60.99
2013-09-04,45.96
2013-09-03,40.38
2013-09-02,2.09
