Date,"Weight (lb)","Fat mass (lb)","Bone mass (lb)","Muscle mass (lb)","Hydration (lb)",Comments
"2025-03-30 12:09:03",173.5,39.9,6.7,126.9,90.5,
"2025-03-30 11:59:41",174.6,40.7,6.7,127.1,90.8,
"2025-03-30 06:04:53",175.2,40.6,6.7,127.9,91.4,
"2025-03-29 14:15:59",174.7,37.1,6.9,130.7,93.7,
"2025-03-29 09:40:10",174.5,40.3,6.7,127.4,91,
"2025-03-28 08:35:21",175.4,41.2,6.7,127.5,91.1,
"2025-03-27 09:41:17",175.1,40.4,6.7,128,91.4,
"2025-03-26 09:36:16",175.1,39.7,6.7,128.6,92,
"2025-03-25 12:16:04",175.9,37.7,6.9,131.3,94.2,
"2025-03-25 08:14:29",176.7,40.5,6.8,129.4,92.6,
"2025-03-24 08:21:52",175.8,39.6,6.8,129.4,92.6,
"2025-03-23 08:07:21",175,39.8,6.7,128.4,91.8,
"2025-03-22 09:52:17",175.6,40.1,6.7,128.7,92,
"2025-03-21 08:09:09",175.1,40.9,6.7,127.5,91.1,
"2025-03-20 08:14:38",175.2,40.5,6.7,127.9,91.4,
"2025-03-20 08:14:05",175,40.8,6.7,127.5,91.1,
"2025-03-18 05:50:54",175.3,43.9,6.6,124.8,89.2,
"2025-03-17 10:44:25",174.5,,,,,
"2025-03-17 10:43:13",172.9,43.1,6.5,123.1,87.9,
"2025-03-17 07:56:12",173.3,43.3,6.5,123.5,88.1,
"2025-03-16 05:40:39",176.1,42.7,6.7,126.7,90.6,
"2025-03-15 07:35:18",176.9,43,6.7,127.1,91,
"2025-03-14 08:57:15",176.2,42.7,6.7,126.8,90.7,
"2025-03-13 08:49:32",178,41.7,6.8,129.4,92.7,
"2025-03-12 05:46:31",180.3,42.4,6.9,131,94,
"2025-03-11 09:58:14",179.9,43.1,6.8,130,93.2,
"2025-03-10 08:07:14",179.3,43.5,6.8,129,92.5,
"2025-03-09 07:13:41",179.3,42.6,6.8,129.8,93.1,
"2025-03-08 08:12:28",179.7,44,6.8,128.9,92.5,
"2025-03-07 07:05:59",179.8,44.6,6.7,128.3,92.1,
"2025-03-06 06:37:08",179.6,45.3,6.7,127.6,91.6,
"2025-03-05 07:01:08",179.7,44.8,6.7,128.1,91.9,
"2025-03-04 07:51:11",180.9,46.4,6.7,127.7,91.8,
"2025-03-03 11:50:40",180,44.4,6.8,128.8,92.4,
"2025-03-03 11:37:20",181.7,44.3,6.9,130.5,93.8,
"2025-03-03 09:14:12",180.1,46.5,6.7,126.9,91.2,
"2025-03-02 06:27:29",180.8,45.8,6.7,128.3,92.2,
"2025-03-01 06:06:31",181,44.2,6.8,129.9,93.3,
"2025-02-26 11:32:02",187,,,,,
"2025-02-26 11:31:33",185.4,,,,,
"2025-02-26 11:30:59",187,,,,,
"2025-02-26 11:30:28",185.3,,,,,
"2025-02-26 07:09:24",181.5,45.6,6.8,129.1,92.8,
"2025-02-25 07:10:31",181,,,,,
"2025-02-24 08:39:20",180.8,47.3,6.7,126.8,91.2,
"2025-02-23 09:04:16",180.5,46,6.7,127.8,91.8,
"2025-02-22 05:57:43",182.1,46.8,6.8,128.5,92.4,
"2025-02-21 08:58:13",181.9,45.9,6.8,129.2,92.9,
"2025-02-20 07:24:59",184.2,45.5,6.9,131.7,94.8,
"2025-02-19 09:22:26",183.4,45.8,6.9,130.7,94,
"2025-02-18 06:09:52",183.9,47.4,6.8,129.7,93.5,
"2025-02-17 07:05:39",183.4,48.8,6.7,127.8,92.2,
"2025-02-16 05:19:41",184.8,48.3,6.8,129.7,93.5,
"2025-02-15 07:49:18",184.4,49.3,6.8,128.3,92.7,
"2025-02-14 08:49:22",184,50.1,6.7,127.2,92,
"2025-02-12 08:10:54",185.1,51.2,6.7,127.2,92.1,
"2025-02-11 08:11:24",185.9,49.6,6.8,129.5,93.5,
"2025-02-10 09:22:25",184.6,49.5,6.8,128.3,92.7,
"2025-02-09 08:54:04",185.2,50,6.8,128.4,92.8,
"2025-02-08 09:51:14",185.9,49.8,6.8,129.3,93.4,
"2025-02-07 10:15:28",185.7,48,6.9,130.8,94.4,
"2025-02-07 10:11:29",185.8,48.7,6.8,130.2,94,
"2025-02-07 06:41:37",186.4,50.4,6.8,129.1,93.4,
"2025-02-06 08:28:36",186.5,49.7,6.8,130,93.9,
"2025-02-05 08:11:43",186.9,50.2,6.8,129.8,93.9,
"2025-02-04 07:50:34",187.6,47.6,7,133,96,
"2025-02-04 07:44:38",188.4,47.6,7,133.8,96.6,
"2025-02-04 06:48:58",187.7,49.5,6.9,131.3,94.9,
"2025-02-03 08:08:13",186.5,49,6.9,130.7,94.4,
"2025-02-03 07:48:05",187,51,6.8,129.1,93.5,
"2025-02-02 08:09:48",186.5,52.2,6.7,127.4,92.5,
"2025-02-01 06:11:09",187.1,52.5,6.7,127.8,92.8,
"2025-01-31 07:36:42",187.1,52.2,6.8,128.1,93,
"2025-01-30 07:19:18",188.3,51.9,6.8,129.5,93.9,
"2025-01-29 09:30:30",189.4,53.1,6.8,129.4,94,
"2025-01-28 09:14:04",188.7,52.7,6.8,129.2,93.8,
"2025-01-27 07:35:33",189.7,52,6.9,130.8,94.9,
"2025-01-26 08:02:14",189.4,53.6,6.8,128.9,93.8,
"2025-01-23 09:30:38",189.1,54.5,6.8,127.9,93.2,
"2025-01-22 07:54:22",189.6,55.2,6.8,127.7,93.2,
"2025-01-21 07:50:15",189.3,55.7,6.7,126.8,92.7,
"2025-01-20 08:33:40",189.2,56.7,6.7,125.8,92.1,
"2025-01-19 07:30:45",190.2,55.4,6.8,128,93.4,
"2025-01-18 10:18:29",190.9,51.5,6.9,132.4,96,
"2025-01-17 09:02:49",189.9,56.5,6.7,126.7,92.7,
"2025-01-16 09:13:24",188.8,57.1,6.7,125,91.7,
"2025-01-15 08:52:24",190.9,56.2,6.8,127.9,93.5,
"2025-01-15 08:43:42",191.8,55.8,6.8,129.1,94.3,
"2025-01-15 06:38:15",190.7,57,6.7,126.9,93,
"2025-01-14 06:23:53",191.1,58.3,6.7,126,92.6,
"2025-01-13 08:59:20",190.2,58.7,6.7,124.8,91.9,
"2025-01-12 10:42:33",189.9,58.5,6.7,124.7,91.8,
"2025-01-12 06:39:28",190.4,58.8,6.7,124.9,92,
"2025-01-11 11:13:52",190.7,59,6.7,125,92.1,
"2025-01-11 07:43:45",190.8,58.4,6.7,125.7,92.4,
"2025-01-10 09:13:13",190.5,60.5,6.6,123.4,91.3,
"2025-01-09 08:06:56",191.7,59.1,6.7,125.8,92.7,
"2025-01-08 10:32:54",192,57,6.8,128.2,93.9,
"2025-01-07 07:58:59",191.5,59.3,6.7,125.5,92.5,
"2025-01-06 10:44:03",192.9,59.9,6.7,126.2,93.1,
"2025-01-05 07:41:31",193.8,59.6,6.8,127.4,93.9,
"2025-01-04 09:03:29",193.5,61.1,6.7,125.7,93,
"2025-01-03 12:14:25",194.7,56.7,6.9,131.1,95.8,
"2025-01-02 05:43:07",195.5,62.3,6.7,126.5,93.8,
"2025-01-01 16:34:03",197.6,62.3,6.8,128.5,95.2,
"2024-12-31 09:25:17",195.1,65.4,6.6,123,92.3,
"2024-12-17 09:35:24",197.3,60.6,6.9,129.8,95.7,
"2024-12-13 07:10:32",194.8,,,,,
"2024-12-08 14:50:21",194,51.6,7.1,135.3,98.1,
"2024-12-04 09:17:26",192.4,57.8,6.8,127.8,93.8,
"2024-12-03 09:02:33",193.1,58.1,6.8,128.2,94.1,
"2024-12-02 10:58:07",191.1,53.2,6.9,130.9,95.2,
"2024-12-01 08:33:40",191.3,56.8,6.8,127.7,93.5,
"2024-11-30 07:07:01",191.6,57.8,6.7,126.9,93.2,
"2024-11-29 11:19:21",190.6,59.3,6.7,124.6,91.9,
"2024-11-28 07:30:30",192.5,57.3,6.8,128.4,94.1,
"2024-11-27 13:45:27",192.2,52.5,7,132.8,96.4,
"2024-11-25 08:42:19",192.4,60,6.7,125.7,92.8,
"2024-11-22 09:49:02",191.9,59,6.7,126.2,92.9,
"2024-11-21 12:32:10",191.8,55.3,6.8,129.6,94.6,
"2024-11-20 08:49:07",191.8,59.2,6.7,125.9,92.7,
"2024-11-15 08:02:34",191.5,56.8,6.8,127.9,93.7,
"2024-11-14 07:45:21",193,55.5,6.9,130.6,95.3,
"2024-11-13 09:36:28",192.6,57.7,6.8,128,93.9,
"2024-11-13 07:30:34",193.2,56.2,6.9,130.1,95.1,
"2024-11-12 08:52:49",192.2,56.6,6.8,128.8,94.2,
"2024-11-11 08:47:10",192.8,59,6.7,127,93.5,
"2024-11-11 08:42:45",193.3,59.3,6.8,127.3,93.7,
"2024-11-11 07:49:20",192.9,56.4,6.8,129.6,94.8,
"2024-11-10 12:36:12",192.8,54.8,6.9,131.1,95.5,
"2024-11-09 07:12:20",193.7,61.3,6.7,125.7,93.1,
"2024-11-07 06:18:04",193.2,62,6.7,124.4,92.4,
"2024-11-06 06:37:55",192.4,62.9,6.6,122.9,91.6,
"2024-11-06 06:37:19",192.4,61.8,6.6,123.9,92,
"2024-11-05 07:00:24",194.7,60.4,6.8,127.5,94.1,
"2024-11-04 06:11:07",193.9,62.6,6.7,124.6,92.6,
"2024-11-03 06:59:17",194.5,59.9,6.8,127.8,94.2,
"2024-11-02 08:13:18",198.5,60.9,6.9,130.6,96.3,
"2024-10-28 05:34:36",194.9,,,,,
"2024-10-21 05:11:08",196.2,59.2,6.9,130.1,95.6,
"2024-10-17 06:48:51",193.7,59.1,6.8,127.8,94,
"2024-10-14 06:27:38",191.2,56.4,6.8,127.9,93.6,
"2024-10-13 10:27:43",190.9,60.7,6.6,123.5,91.5,
"2024-10-11 09:06:39",190.1,57.9,6.7,125.4,92.2,
"2024-10-10 06:49:24",190.6,59.2,6.7,124.7,92,
"2024-10-09 05:28:18",192.2,57.8,6.8,127.6,93.6,
"2024-10-08 06:20:09",191.3,56.4,6.8,128,93.7,
"2024-10-07 08:14:02",190.1,57.4,6.7,126,92.5,
"2024-10-06 09:38:33",189.7,56.3,6.7,126.6,92.7,
"2024-10-05 13:37:15",190,53.9,6.8,129.2,94,
"2024-10-05 13:26:11",191.4,54.8,6.9,129.8,94.6,
"2024-10-04 06:07:52",191.7,57,6.8,127.9,93.7,
"2024-10-03 08:45:13",191.4,57.1,6.8,127.5,93.5,
"2024-10-03 03:53:49",192.8,59.5,6.7,126.5,93.3,
"2024-10-02 05:18:12",190.7,56.8,6.7,127.1,93.1,
"2024-10-01 08:05:29",191.6,57.7,6.7,127.2,93.3,
"2024-09-30 08:23:38",191.1,,,,,
"2024-09-30 08:14:14",191.1,57.5,6.7,126.8,93.1,
"2024-09-29 10:00:03",191.8,55.3,6.8,129.6,94.6,
"2024-09-28 08:11:16",192.4,59.2,6.7,126.5,93.2,
"2024-09-23 08:24:15",192.8,,,,,
"2024-09-23 08:23:42",192.8,57.2,6.8,128.8,94.4,
"2024-09-16 08:10:35",193.3,57.8,6.8,128.6,94.4,
"2024-09-10 08:13:11",189.8,54.4,6.8,128.6,93.7,
"2024-09-09 08:12:47",189.6,52.4,6.9,130.3,94.6,
"2024-09-09 08:05:23",190.9,54.5,6.8,129.5,94.4,
"2024-09-07 06:22:58",186.9,52.7,6.7,127.4,92.6,
"2024-09-06 07:58:54",186.5,54.9,6.7,124.9,91.2,
"2024-09-06 07:53:38",187.6,56.5,6.6,124.5,91.2,
"2024-09-05 07:11:48",188.5,56.2,6.7,125.6,92,
"2024-09-04 06:09:23",186.4,53.7,6.7,126,91.8,
"2024-09-03 07:35:44",185.8,,,,,
"2024-09-02 13:27:32",185,49.6,6.8,128.5,92.9,
"2024-09-02 13:19:02",186.6,50.9,6.8,128.9,93.3,
"2024-09-02 09:21:12",185.6,54.6,6.6,124.3,90.8,
"2024-09-01 07:55:47",184.7,56,6.5,122.1,89.5,
"2024-08-31 12:13:04",185.4,51.7,6.7,126.9,92,
"2024-08-31 12:03:55",186.5,52.1,6.7,127.6,92.6,
"2024-08-31 05:16:36",186.1,54.9,6.6,124.6,91,
"2024-08-30 08:37:05",185.4,54.5,6.6,124.3,90.7,
"2024-08-29 07:08:59",185.6,53.3,6.7,125.6,91.4,
"2024-08-28 09:03:54",185.4,52.8,6.7,125.9,91.5,
"2024-08-27 09:31:22",184.3,52.9,6.6,124.7,90.7,
"2024-08-27 07:06:16",184.9,53.8,6.6,124.4,90.7,
"2024-08-26 06:15:11",185.2,52,6.7,126.5,91.8,
"2024-08-25 12:37:47",185.3,53.8,6.6,124.8,90.9,
"2024-08-24 12:46:17",184.1,49.2,6.7,128.1,92.5,
"2024-08-24 12:43:39",185,49.5,6.8,128.7,93,
"2024-08-24 08:11:55",184.9,53.3,6.6,124.9,90.9,
"2024-08-23 07:06:33",185.8,53.4,6.7,125.8,91.5,
"2024-08-23 05:34:51",186.5,53.4,6.7,126.3,91.9,
"2024-08-22 08:17:17",186.8,53.5,6.7,126.6,92.1,
"2024-08-21 06:15:45",185.3,52.1,6.7,126.4,91.8,
"2024-08-20 14:01:16",185.2,45.9,6.9,132.4,95.4,
"2024-08-20 13:53:57",185.5,46.5,6.9,132.1,95.2,
"2024-08-20 07:54:05",185.5,49.6,6.8,129.1,93.3,
"2024-08-20 06:51:57",185.6,51.5,6.7,127.3,92.3,
"2024-08-19 08:54:53",185.3,53,6.7,125.5,91.3,
"2024-08-19 05:49:30",186.2,51.4,6.8,128,92.8,
"2024-08-18 08:56:21",185.7,53.4,6.7,125.7,91.5,
"2024-08-17 06:57:23",187,53.4,6.7,126.8,92.3,
"2024-08-16 08:36:39",186,53.8,6.7,125.5,91.4,
"2024-08-15 05:13:33",187.6,56.1,6.7,124.8,91.4,
"2024-08-14 06:05:11",187.5,55.7,6.7,125.1,91.5,
"2024-08-13 08:36:19",187.3,54,6.7,126.5,92.2,
"2024-08-13 06:13:06",188.2,52.6,6.8,128.7,93.5,
"2024-08-12 09:59:39",188.3,,,,,
"2024-08-09 08:39:39",189.9,52.8,6.9,130.2,94.6,
"2024-08-07 05:26:19",190.7,56.2,6.8,127.7,93.5,
"2024-08-05 08:46:36",190.1,52.4,6.9,130.8,95,
"2024-07-31 09:59:20",184.6,54.8,6.6,123.2,90,
"2024-07-31 09:50:10",187,57.1,6.6,123.3,90.6,
"2024-07-31 07:47:22",185.7,52.9,6.7,126.1,91.7,
"2024-07-30 06:20:18",185.6,54,6.6,125,91.1,
"2024-07-29 08:07:18",185.3,52,6.7,126.6,91.9,
"2024-07-28 17:01:47",185.9,51.5,6.7,127.7,92.6,
"2024-07-28 05:44:24",186,54.4,6.6,124.9,91.1,
"2024-07-27 07:47:56",184.8,55,6.6,123.1,90,
"2024-07-26 06:24:00",185,54.4,6.6,123.9,90.5,
"2024-07-25 06:49:16",185.7,56.8,6.5,122.3,89.8,
"2024-07-24 06:06:55",186.1,53.3,6.7,126.1,91.8,
"2024-07-23 06:13:08",186.7,53.4,6.7,126.5,92,
"2024-07-22 08:40:51",186.8,53.6,6.7,126.4,92,
"2024-07-21 07:26:00",186.8,53.7,6.7,126.4,92,
"2024-07-20 07:06:41",187,54.8,6.7,125.5,91.6,
"2024-07-19 06:37:20",187.6,53.7,6.7,127.1,92.5,
"2024-07-18 06:00:14",186.9,55.1,6.7,125.1,91.4,
"2024-07-17 07:41:19",186.3,54.9,6.6,124.7,91.1,
"2024-07-16 08:12:08",186.9,54.9,6.7,125.3,91.5,
"2024-07-15 07:52:45",186.7,54.4,6.7,125.6,91.6,
"2024-07-14 09:35:50",186.3,,,,,
"2024-07-13 09:41:57",186.6,53,6.7,126.9,92.3,
"2024-07-13 06:12:21",188,55.4,6.7,125.8,92,
"2024-07-12 06:48:41",187.8,53.4,6.7,127.6,92.9,
"2024-07-11 07:41:02",187.7,53.8,6.7,127.1,92.6,
"2024-07-10 09:14:38",188.2,55.3,6.7,126.1,92.2,
"2024-07-09 07:41:03",188.7,54,6.8,128,93.2,
"2024-07-08 07:39:38",187.7,56.9,6.6,124.1,91.1,
"2024-07-07 07:59:04",190.8,56.5,6.8,127.5,93.4,
"2024-07-06 09:15:06",188.2,55.1,6.7,126.3,92.3,
"2024-07-03 07:12:17",189.4,52,6.9,130.6,94.8,
"2024-07-02 07:05:47",190.3,52.9,6.9,130.5,94.8,
"2024-07-01 07:53:56",191.3,53.7,6.9,130.6,95.1,
"2024-06-30 07:25:49",189.9,,,,,
"2024-06-29 08:33:03",189,,,,,
"2024-06-28 06:32:36",189.1,52.7,6.8,129.6,94.1,
"2024-06-25 09:08:09",186.8,51.8,6.8,128.2,93,
"2024-06-24 07:11:53",187.5,49.5,6.9,131.1,94.8,
"2024-06-23 05:17:36",189.2,50.7,6.9,131.5,95.2,
"2024-06-22 07:51:04",187.6,52.4,6.8,128.3,93.2,
"2024-06-21 07:17:25",188.3,52.1,6.8,129.4,93.9,
"2024-06-20 07:17:09",186.7,50.6,6.8,129.2,93.6,
"2024-06-19 07:08:02",186,51.7,6.7,127.5,92.5,
"2024-06-18 07:16:13",185.6,50.4,6.8,128.5,93,
"2024-06-17 05:41:32",187.1,50,6.9,130.3,94.3,
"2024-06-15 09:23:31",185.4,50.5,6.8,128.1,92.8,
"2024-06-14 07:12:28",184.7,50.7,6.7,127.3,92.2,
"2024-06-13 08:27:10",184.2,52.5,6.6,125.1,90.9,
"2024-06-11 07:18:01",181.8,49.9,6.6,125.3,90.6,
"2024-06-11 07:13:13",182.1,49.9,6.6,125.5,90.7,
"2024-06-10 04:57:36",182.9,48.1,6.7,128,92.3,
"2024-06-09 09:59:22",182.3,,,,,
"2024-06-09 09:58:41",182.3,48.9,6.7,126.6,91.4,
"2024-06-08 09:11:15",183.7,48.5,6.8,128.4,92.6,
"2024-06-07 06:55:49",184.9,51.1,6.7,127,92,
"2024-06-06 06:58:34",183.9,49.9,6.7,127.3,92,
"2024-06-04 08:12:13",183.8,48.5,6.8,128.5,92.7,
"2024-06-03 08:24:10",184.9,50.4,6.7,127.8,92.5,
"2024-06-02 08:53:53",184.8,49.6,6.8,128.4,92.8,
"2024-06-01 08:40:37",183.4,50.5,6.7,126.1,91.3,
"2024-05-29 06:51:08",180.2,48.5,6.6,125.1,90.2,
"2024-05-28 07:29:45",180.6,46.7,6.7,127.1,91.5,
"2024-05-27 09:15:04",179.9,44.5,6.8,128.6,92.4,
"2024-05-23 07:33:41",175.9,46.3,6.5,123.1,88.3,
"2024-05-22 07:07:05",177.2,45.5,6.6,125.1,89.8,
"2024-05-21 07:42:05",177.6,44.6,6.7,126.3,90.6,
"2024-05-20 07:57:09",177.3,44.3,6.7,126.3,90.5,
"2024-05-17 06:23:26",178.4,47.7,6.6,124.1,89.3,
"2024-05-15 04:40:46",176.1,44.9,6.6,124.7,89.4,
"2024-05-14 09:06:58",175,44.7,6.5,123.7,88.6,
"2024-05-13 06:43:11",178.8,40.3,6.9,131.5,94.4,
"2024-05-12 06:52:34",178.8,46.2,6.7,125.9,90.5,
"2024-05-11 12:50:35",176.8,41.4,6.7,128.6,92.1,
"2024-05-10 08:11:35",173.9,41.2,6.6,126,90,
"2024-05-09 10:42:59",172.8,42.2,6.5,124,88.5,
"2024-05-09 10:42:31",172.7,42.5,6.5,123.7,88.3,
"2024-05-09 05:09:41",175.3,44.3,6.6,124.4,89,
"2024-05-05 07:39:32",174.7,41,6.7,126.9,90.7,
"2024-05-04 07:06:16",174.6,42.4,6.6,125.6,89.8,
"2024-05-03 05:16:55",173.3,40.4,6.6,126.2,90.1,
"2024-05-02 09:16:43",170.8,40.2,6.5,124,88.3,
"2024-05-01 06:54:03",170.9,39.8,6.6,124.5,88.6,
"2024-04-30 06:09:46",171.6,39.7,6.6,125.2,89.2,
"2024-04-29 07:06:52",171.3,40.3,6.5,124.4,88.6,
"2024-04-28 08:03:03",171.7,40.9,6.5,124.2,88.5,
"2024-04-27 05:41:06",171.6,41.3,6.5,123.7,88.2,
"2024-04-26 05:34:32",171.1,42.2,6.5,122.4,87.3,
"2024-04-25 07:42:23",171.4,41.7,6.5,123.2,87.8,
"2024-04-24 07:17:29",171.1,40.4,6.5,124.1,88.4,
"2024-04-23 06:54:06",172,40.9,6.6,124.5,88.8,
"2024-04-22 14:29:33",172.4,38.9,6.7,126.8,90.5,
"2024-04-22 07:27:46",171.8,41.5,6.5,123.8,88.3,
"2024-04-15 08:03:55",171.8,41.6,6.5,123.6,88.1,
"2024-04-14 18:52:39",172,38.3,6.7,127,90.6,
"2024-04-14 18:44:55",172.1,38.5,6.7,126.9,90.5,
"2024-04-14 08:41:09",171.9,43.3,6.5,122.1,87.2,
"2024-04-08 07:19:05",172.9,44.3,6.5,122,87.3,
"2024-04-06 15:40:56",172.2,43,6.5,122.7,87.6,
"2024-04-06 15:35:06",172.4,43.3,6.5,122.6,87.5,
"2024-04-01 08:34:44",173.3,44.7,6.5,122.1,87.4,
"2024-03-25 09:05:38",175.6,45.7,6.5,123.3,88.4,
"2024-03-18 08:28:36",176,47.4,6.5,122.1,87.9,
"2024-03-17 09:28:47",175.4,47.4,6.5,121.5,87.4,
"2024-03-17 09:18:22",176.3,48.4,6.5,121.5,87.6,
"2024-03-16 08:39:45",177.8,47.5,6.6,123.7,89,
"2024-03-16 08:31:14",179,48.2,6.6,124.2,89.5,
"2024-03-11 08:02:05",181.9,47.5,6.7,127.6,91.9,
"2024-03-11 08:01:24",181.7,48.7,6.7,126.3,91.2,
"2024-03-08 06:15:24",179.7,49.8,6.5,123.3,89.1,
"2024-03-04 08:03:29",179.6,,,,,
"2024-03-04 08:02:55",179.6,51,6.5,122,88.5,
"2024-02-26 07:30:35",181.8,50.7,6.6,124.5,90.2,
"2024-02-19 08:14:43",181.1,52.9,6.5,121.7,88.6,
"2024-02-12 07:41:00",183.1,51.2,6.6,125.2,90.8,
"2024-02-07 08:45:48",183.5,53.3,6.6,123.5,90,
"2024-02-05 07:07:12",185.4,53.6,6.7,125.2,91.2,
"2024-01-29 06:27:20",186.4,53,6.7,126.7,92.2,
"2024-01-22 07:21:46",187.1,55.6,6.7,124.9,91.4,
"2024-01-15 07:43:28",190.3,55.6,6.8,127.9,93.5,
"2024-01-08 07:12:56",190.9,54.9,6.8,129.2,94.3,
"2024-01-06 08:23:38",190.8,57.2,6.7,126.9,93.1,
"2024-01-03 07:19:57",191.4,,,,,
"2024-01-01 09:34:47",196.3,,,,,
"2023-12-23 08:46:30",190.1,58.8,6.7,124.6,91.9,
"2023-12-20 07:16:25",191.3,,,,,
"2023-12-19 07:02:12",192.5,56.9,6.8,128.7,94.3,
"2023-11-30 06:50:51",190.6,57.6,6.7,126.2,92.8,
"2023-11-29 07:35:46",190.3,58.2,6.7,125.5,92.4,
"2023-11-27 08:06:42",191,57.7,6.7,126.6,93,
"2023-11-25 07:11:46",190.4,57.8,6.7,125.9,92.6,
"2023-11-22 05:26:03",189.5,60.1,6.6,122.8,91,
"2023-11-21 06:50:46",190.4,57,6.7,126.7,92.9,
"2023-11-20 05:56:31",190,57.8,6.7,125.4,92.3,
"2023-11-19 08:24:48",188.8,58.6,6.6,123.6,91.2,
"2023-11-18 09:05:47",187.9,56.9,6.6,124.3,91.3,
"2023-11-17 06:20:35",188.5,57.7,6.6,124.1,91.3,
"2023-11-16 04:47:52",190.3,56.3,6.7,127.2,93.2,
"2023-11-15 04:09:21",190.8,55.7,6.8,128.3,93.8,
"2023-11-14 06:00:43",191.1,58.8,6.7,125.6,92.6,
"2023-11-13 06:17:35",190.1,58.6,6.7,124.8,92,
"2023-11-13 06:11:54",190.9,58.6,6.7,125.6,92.5,
"2023-11-12 04:49:41",190.7,56,6.8,127.9,93.6,
"2023-11-11 05:34:19",190.4,58.1,6.7,125.6,92.4,
"2023-11-10 07:30:05",189.8,59.4,6.6,123.7,91.5,
"2023-11-09 06:57:30",190,57.7,6.7,125.6,92.3,
"2023-11-08 07:39:25",190.1,57.6,6.7,125.8,92.5,
"2023-11-07 07:20:59",190.9,58.1,6.7,126,92.7,
"2023-11-06 06:41:19",190.5,59.5,6.7,124.3,91.9,
"2023-11-05 10:40:18",192.1,58,6.7,127.2,93.5,
"2023-11-04 08:22:54",189.8,57.7,6.7,125.4,92.2,
"2023-11-03 07:41:16",188,57.4,6.6,124,91.2,
"2023-11-02 07:32:51",189.6,54.7,6.8,128.1,93.5,
"2023-10-31 06:15:20",188.1,54.9,6.7,126.5,92.4,
"2023-10-30 07:40:31",188.1,53.7,6.7,127.5,92.9,
"2023-10-28 08:14:22",190.8,58.4,6.7,125.7,92.6,
"2023-10-26 07:53:08",188.4,57.5,6.6,124.3,91.4,
"2023-10-25 04:47:30",188.4,58.6,6.6,123.2,90.9,
"2023-10-24 07:39:30",188.7,59,6.6,123.1,90.9,
"2023-10-23 08:05:40",188.3,57.5,6.6,124.2,91.4,
"2023-10-22 09:15:53",188,58.3,6.6,123.1,90.8,
"2023-10-20 06:11:28",189.4,55.8,6.7,126.8,92.8,
"2023-10-19 06:14:19",188.8,57.4,6.7,124.8,91.7,
"2023-10-18 07:21:54",188.3,57,6.7,124.6,91.6,
"2023-10-17 06:12:14",188.7,54.5,6.7,127.5,93,
"2023-10-16 07:39:11",188.7,57.5,6.6,124.4,91.5,
"2023-10-15 08:57:56",189.1,56.4,6.7,125.9,92.3,
"2023-10-14 04:25:15",189.4,57.1,6.7,125.5,92.2,
"2023-10-13 09:07:18",188.2,56,6.7,125.5,91.9,
"2023-10-12 07:54:28",188.1,55.5,6.7,125.9,92.1,
"2023-10-12 07:39:52",188.5,56.2,6.7,125.6,92,
"2023-10-11 04:55:20",190.1,59.2,6.6,124.2,91.7,
"2023-10-10 08:00:37",189.9,57.2,6.7,126,92.5,
"2023-10-09 04:38:53",188.2,57.2,6.6,124.3,91.4,
"2023-10-08 12:32:42",189.3,52,6.9,130.4,94.7,
"2023-10-08 12:22:34",189.9,52.5,6.9,130.5,94.8,
"2023-10-08 07:51:15",189.2,56.7,6.7,125.8,92.3,
"2023-10-07 07:58:38",190.3,56.7,6.7,126.9,93,
"2023-10-06 07:25:08",190.2,57.7,6.7,125.8,92.5,
"2023-10-05 07:18:32",189.8,56.7,6.7,126.4,92.7,
"2023-10-04 05:36:38",189,58.7,6.6,123.6,91.2,
"2023-10-03 04:27:16",188.5,59.6,6.6,122.3,90.6,
"2023-10-02 05:02:24",188.9,60.7,6.6,121.6,90.3,
"2023-10-01 11:03:52",193.2,60,6.7,126.4,93.4,
"2023-09-29 12:08:49",191.5,52.7,6.9,131.8,95.8,
"2023-09-28 05:54:12",192.8,57.4,6.8,128.5,94.3,
"2023-09-27 05:15:31",189.1,53.9,6.8,128.4,93.6,
"2023-09-26 05:07:34",188.7,60.2,6.6,121.9,90.5,
"2023-09-25 04:58:19",188.4,59.6,6.6,122.2,90.5,
"2023-09-24 13:58:40",189.9,56.8,6.7,126.3,92.7,
"2023-09-24 07:13:34",190,61.6,6.6,121.8,90.7,
"2023-09-23 07:59:44",189.5,61.4,6.6,121.5,90.5,
"2023-09-19 05:08:45",192.8,,,,,
"2023-09-17 10:33:24",190.3,55.6,6.8,128,93.6,
"2023-09-14 07:09:23",191.3,58.6,6.7,126,92.8,
"2023-09-11 05:05:46",193.4,58.2,6.8,128.4,94.4,
"2023-09-10 06:07:15",193.9,59.4,6.8,127.6,94.1,
"2023-09-07 03:48:43",193.4,62.4,6.7,124.3,92.5,
"2023-09-04 05:18:21",193.5,60.4,6.7,126.3,93.5,
"2023-09-04 05:17:13",193.7,60.8,6.7,126.1,93.4,
"2023-09-01 05:24:13",193.3,59.9,6.7,126.5,93.5,
"2023-08-31 07:18:10",192.8,62.3,6.7,123.8,92.2,
"2023-08-29 05:02:42",193.5,62.2,6.7,124.6,92.7,
"2023-08-25 08:28:09",194,62.1,6.7,125.2,93.1,
"2023-08-24 07:38:04",193.7,61.4,6.7,125.6,93.1,
"2023-08-23 08:38:46",194.1,61.2,6.7,126.1,93.5,
"2023-08-23 08:35:56",194.3,61.9,6.7,125.7,93.3,
"2023-08-21 07:31:00",197,64.9,6.7,125.4,93.8,
"2023-08-06 07:17:43",199.4,60.2,7,132.1,97.4,
"2023-08-05 07:29:54",196.6,63.1,6.8,126.7,94.3,
"2023-07-16 06:52:59",196.6,62.1,6.8,127.7,94.7,
"2023-07-14 07:03:03",193.6,62.1,6.7,124.8,92.8,
"2023-07-13 04:38:45",194.8,63,6.7,125,93.2,
"2023-07-12 07:10:34",193.9,60.4,6.7,126.7,93.8,
"2023-07-11 05:12:19",195.9,61.5,6.8,127.5,94.5,
"2023-07-10 07:03:02",195,61.2,6.8,127,94.1,
"2023-07-09 06:40:33",195.4,62.3,6.7,126.3,93.9,
"2023-07-08 09:25:23",195.2,61.1,6.8,127.3,94.2,
"2023-07-08 07:53:26",195.6,63.2,6.7,125.6,93.7,
"2023-07-07 06:36:43",195.2,62.7,6.7,125.8,93.6,
"2023-07-06 07:45:35",195.8,64.4,6.7,124.7,93.3,
"2023-07-05 07:16:44",196.4,61.8,6.8,127.8,94.8,
"2023-07-04 07:25:01",195.1,64.2,6.7,124.1,92.9,
"2023-07-03 06:04:15",195.9,62.1,6.8,126.9,94.3,
"2023-07-02 07:42:33",196.8,58.2,6.9,131.7,96.7,
"2023-07-02 05:51:14",197.5,64.9,6.7,125.8,94.1,
"2023-06-12 05:43:14",197.9,63.4,6.8,127.6,95,
"2023-06-08 07:28:19",195,60.8,6.8,127.4,94.3,
"2023-06-07 08:04:46",196.7,62.9,6.8,127,94.5,
"2023-06-06 07:18:53",198.8,63.7,6.8,128.3,95.5,
"2023-06-05 07:13:23",199.8,65.5,6.8,127.4,95.4,
"2023-06-04 11:14:49",200.1,64.9,6.8,128.4,95.8,
"2023-05-11 06:31:32",197.1,61.3,6.8,128.9,95.4,
"2023-05-09 06:55:36",196.5,62.5,6.8,127.1,94.5,
"2023-05-08 05:42:53",195.4,60,6.8,128.6,94.9,
"2023-05-07 07:20:39",195.9,61.9,6.8,127.2,94.4,
"2023-05-06 07:08:57",195.4,61.3,6.8,127.3,94.3,
"2023-05-05 05:52:13",194.6,62.5,6.7,125.3,93.3,
"2023-05-04 06:23:53",194.8,61.6,6.7,126.5,93.8,
"2023-05-03 06:37:12",195.6,62.7,6.7,126.1,93.9,
"2023-05-02 05:09:37",195.4,63.4,6.7,125.2,93.4,
"2023-05-01 05:10:21",196.8,62.6,6.8,127.4,94.7,
"2023-04-30 10:01:36",198.7,62.5,6.9,129.3,95.9,
"2023-04-18 05:00:19",194.9,60.1,6.8,127.9,94.5,
"2023-04-17 06:18:22",194.4,58.1,6.9,129.5,95.2,
"2023-04-17 05:00:06",194.7,62.6,6.7,125.3,93.3,
"2023-04-16 05:16:25",195,62.2,6.7,126,93.7,
"2023-04-15 10:08:39",196.5,60.4,6.9,129.2,95.4,
"2023-04-14 07:20:38",198.3,63.1,6.8,128.4,95.5,
"2023-04-12 07:02:26",198,63.1,6.8,128,95.2,
"2023-04-07 09:34:59",196.7,61.1,6.8,128.7,95.3,
"2023-04-06 09:04:01",198.7,62.1,6.9,129.7,96.1,
"2023-04-05 07:27:35",197.7,61.6,6.9,129.3,95.7,
"2023-04-04 07:51:32",196,61.7,6.8,127.5,94.6,
"2023-04-03 06:39:16",197,62,6.8,128.1,95,
"2023-03-31 08:34:11",195.1,62.9,6.7,125.4,93.5,
"2023-03-29 07:13:09",195.5,63,6.7,125.7,93.7,
"2023-03-28 07:14:52",198,60.2,6.9,130.8,96.5,
"2023-03-27 06:11:50",197.3,59.3,6.9,131.1,96.5,
"2023-03-26 08:00:52",196.2,61.9,6.8,127.4,94.6,
"2023-03-24 07:38:30",192.8,61.9,6.7,124.2,92.4,
"2023-03-23 07:36:06",194,60.8,6.7,126.5,93.7,
"2023-03-22 07:06:23",196.8,58,6.9,131.8,96.8,
"2023-03-21 07:01:56",197.6,61.7,6.9,129,95.6,
"2023-03-20 06:52:41",196.2,56.9,7,132.3,96.9,
"2023-03-19 08:18:25",197.2,61.8,6.8,128.5,95.3,
"2023-03-14 07:13:40",196.9,60.6,6.9,129.3,95.6,
"2023-03-13 07:13:13",197.2,62,6.8,128.4,95.2,
"2023-03-12 10:25:35",197.5,61.9,6.8,128.8,95.5,
"2023-03-06 06:04:27",194.2,59.8,6.8,127.5,94.2,
"2023-03-04 08:15:23",195.9,61,6.8,128,94.8,
"2023-03-03 07:17:04",195.6,62.6,6.7,126.2,93.9,
"2023-03-01 07:43:01",197.4,61.4,6.9,129.1,95.6,
"2023-02-26 07:45:34",196.8,59,6.9,130.9,96.3,
"2023-02-23 08:11:06",194,57.5,6.9,129.7,95.2,
"2023-02-22 05:37:03",194.7,60,6.8,127.9,94.5,
"2023-02-21 07:09:20",195.4,58.7,6.9,129.8,95.5,
"2023-02-20 09:00:37",194.1,59.5,6.8,127.7,94.3,
"2023-02-18 07:13:30",194.9,58.3,6.9,129.7,95.4,
"2023-02-17 07:07:36",194.3,,,,,
"2023-02-16 07:10:25",193.8,57,6.9,129.9,95.3,
"2023-02-15 06:42:51",194.6,54.8,7,132.8,96.9,
"2023-02-14 06:09:05",194.5,,,,,
"2023-02-13 06:16:56",194.5,,,,,
"2023-02-09 07:09:04",192.6,55.6,6.9,130.1,95.2,
"2023-02-08 07:16:19",192.9,,,,,
"2023-02-07 06:09:19",193,54.1,6.9,132,96.2,
"2023-02-06 05:52:13",192.8,54.1,6.9,131.7,96.1,
"2023-02-04 09:46:18",194.8,55.8,6.9,132,96.5,
"2023-02-03 08:21:10",192.1,57.7,6.8,127.6,93.8,
"2023-02-02 06:39:25",193.1,58.2,6.8,128,94.2,
"2023-02-01 07:21:37",193.4,58.2,6.8,128.3,94.4,
"2023-01-31 07:08:13",192.4,57.9,6.8,127.6,93.9,
"2023-01-30 06:38:41",193.4,55.6,6.9,130.9,95.7,
"2023-01-29 09:16:35",194.2,57.3,6.9,129.9,95.4,
"2023-01-28 10:55:00",194.9,55.2,7,132.7,96.9,
"2023-01-27 07:09:11",194.1,56.8,6.9,130.4,95.6,
"2023-01-25 07:06:14",194,58.5,6.8,128.7,94.7,
"2023-01-24 07:20:06",193.9,57.8,6.8,129.1,94.9,
"2023-01-23 08:10:20",194,59.3,6.8,127.9,94.3,
"2023-01-22 09:08:31",194.7,62.6,6.7,125.4,93.4,
"2023-01-21 08:15:38",193.3,61.4,6.7,125.2,93,
"2023-01-20 10:37:21",194.1,62.2,6.7,125.2,93.2,
"2023-01-20 10:28:33",195.6,64.5,6.7,124.4,93.2,
"2023-01-19 07:40:46",194.1,58.3,6.8,128.9,94.8,
"2023-01-18 07:39:38",194.2,59.7,6.8,127.6,94.3,
"2023-01-17 07:13:27",195.1,57.8,6.9,130.4,95.7,
"2023-01-16 11:07:41",194,59.8,6.8,127.4,94.1,
"2023-01-15 08:14:34",195.3,59.5,6.8,128.9,95.1,
"2023-01-14 09:18:48",193.7,58.3,6.8,128.6,94.6,
"2023-01-13 08:47:33",193.9,58.8,6.8,128.4,94.6,
"2023-01-12 07:11:28",193.5,60.3,6.7,126.4,93.6,
"2023-01-11 06:40:48",193.4,61.2,6.7,125.5,93.1,
"2023-01-10 07:39:14",194.4,59.8,6.8,127.8,94.4,
"2023-01-09 08:14:41",192.9,60.1,6.7,126,93.3,
"2023-01-08 09:09:55",192.4,61.3,6.7,124.4,92.5,
"2023-01-07 11:22:11",194,,,,,
"2023-01-07 08:42:39",193.2,62.8,6.7,123.8,92.4,
"2023-01-06 07:03:51",192.5,62.6,6.6,123.2,92,
"2023-01-05 08:08:38",193.3,63,6.7,123.5,92.3,
"2023-01-04 08:22:09",193.6,62.1,6.7,124.8,92.9,
"2023-01-03 08:26:41",196,64.9,6.7,124.3,93.3,
"2023-01-02 11:42:57",196.5,65.2,6.7,124.6,93.5,
"2023-01-01 10:31:50",198.8,64.5,6.8,127.4,95.2,
"2022-11-07 06:51:44",198.5,63.6,6.8,128,95.4,
"2022-11-02 08:15:51",198.3,63.8,6.8,127.7,95.2,
"2022-11-01 07:43:31",198,64.1,6.8,127.1,94.9,
"2022-10-16 10:10:31",194.7,63.9,6.7,124.2,92.9,
"2022-10-06 07:09:08",199.1,62.5,6.9,129.7,96.3,
"2022-10-04 08:21:29",197.6,63.4,6.8,127.4,95,
"2022-10-03 07:09:45",197.6,61.6,6.9,129.1,95.7,
"2022-10-02 04:30:45",199.2,61.3,6.9,131,96.8,
"2022-09-29 08:02:05",195.9,63.3,6.7,125.8,93.8,
"2022-09-28 07:23:40",195.4,61.8,6.8,126.7,94.1,
"2022-09-27 12:17:03",195.7,57.3,6.9,131.5,96.4,
"2022-09-26 07:12:19",195.3,62.9,6.7,125.7,93.7,
"2022-09-25 08:02:15",196.2,65.2,6.7,124.3,93.3,
"2022-09-14 04:08:30",195.5,60.5,6.8,128.2,94.8,
"2022-09-13 07:47:43",194.7,62.7,6.7,125.2,93.4,
"2022-09-12 07:40:52",195.9,61.3,6.8,127.7,94.7,
"2022-09-11 09:16:13",196.8,61.6,6.8,128.4,95.2,
"2022-09-09 06:02:35",196.1,61.3,6.8,128,94.9,
"2022-09-07 07:07:56",197.2,61.7,6.8,128.6,95.4,
"2022-09-06 08:11:51",196.3,63.2,6.7,126.3,94.2,
"2022-09-05 09:46:22",197.1,60.5,6.9,129.7,95.9,
"2022-09-04 08:01:12",198.6,61.1,6.9,130.6,96.6,
"2022-09-03 09:23:01",197.6,60.4,6.9,130.2,96.2,
"2022-09-02 07:03:01",198.3,63.2,6.8,128.2,95.4,
"2022-09-01 07:56:52",197.7,65.4,6.7,125.5,94.2,
"2022-08-31 14:34:31",198.7,59.8,7,131.9,97.2,
"2022-08-30 08:02:31",197.3,63.8,6.8,126.7,94.6,
"2022-08-29 05:51:31",200,64.9,6.8,128.3,95.9,
"2022-08-28 08:15:43",201.1,65.1,6.9,129.1,96.4,
"2022-08-28 08:15:01",201,66.2,6.8,127.9,95.9,
"2022-08-26 08:21:41",198.9,63,6.9,129.1,96,
"2022-08-25 07:41:54",199.2,65,6.8,127.4,95.3,
"2022-08-24 08:32:48",198.7,63.5,6.8,128.4,95.6,
"2022-08-23 08:35:43",200.3,61.8,6.9,131.4,97.3,
"2022-08-22 07:19:22",200.2,62.9,6.9,130.3,96.8,
"2022-08-21 09:52:53",200.7,61.9,7,131.7,97.5,
"2022-08-20 08:32:07",200.9,69.4,6.7,124.7,94.7,
"2022-08-19 07:23:32",201.2,61.8,7,132.4,98,
"2022-08-18 06:10:12",199.6,64.9,6.8,127.9,95.6,
"2022-08-17 05:10:44",196.9,65.2,6.7,124.9,93.8,
"2022-08-16 04:54:09",197.6,63.2,6.8,127.6,95,
"2022-08-15 08:16:33",197.8,62.3,6.8,128.7,95.6,
"2022-08-14 06:21:00",198.4,67.8,6.7,123.9,93.7,
"2022-08-13 09:25:51",199,65.5,6.8,126.7,95,
"2022-08-12 06:07:54",198.5,66.5,6.7,125.2,94.2,
"2022-08-11 05:57:41",199.5,66.9,6.7,125.8,94.7,
"2022-08-10 07:30:14",199.7,67,6.8,125.9,94.8,
"2022-08-09 07:53:40",201.8,65.5,6.9,129.4,96.7,
"2022-08-08 07:05:42",200.9,65.8,6.8,128.3,96.1,
"2022-08-07 09:54:08",202.3,66.4,6.9,129,96.7,
"2022-08-03 04:20:54",200.5,67.6,6.8,126.1,95.1,
"2022-08-02 17:02:07",201.1,58.2,7.1,135.7,99.6,
"2022-07-30 06:54:47",200.6,62,6.9,131.6,97.5,
"2022-07-28 06:11:11",201.4,69.4,6.7,125.2,95,
"2022-07-27 08:12:31",202.1,70.1,6.7,125.2,95.2,
"2022-07-26 08:06:52",201.2,70.4,6.7,124.1,94.5,
"2022-07-25 06:11:57",202.2,66.2,6.9,129.1,96.7,
"2022-07-24 09:52:17",202.8,67,6.9,128.9,96.7,
"2022-07-24 09:49:22",202.9,65.3,6.9,130.6,97.5,
"2022-07-22 06:14:53",202,65.8,6.9,129.3,96.7,
"2022-07-21 06:05:05",203.5,65.3,6.9,131.2,97.8,
"2022-07-20 07:32:00",203,61.9,7.1,134,99.1,
"2022-07-19 07:08:47",205.2,64.3,7.1,133.8,99.4,
"2022-07-18 07:09:32",201,66,6.8,128.2,96.1,
"2022-07-17 08:10:02",201,65.9,6.8,128.2,96,
"2022-07-15 07:52:54",201.4,66.6,6.8,127.9,96,
"2022-07-14 07:07:35",201.3,66.1,6.8,128.4,96.2,
"2022-07-13 07:05:12",201.5,65.5,6.9,129.1,96.6,
"2022-07-10 08:40:27",199.5,68.7,6.7,124,94.1,
"2022-07-08 08:41:28",201.9,63.3,7,131.6,97.8,
"2022-07-07 06:42:17",200.6,63.6,6.9,130,96.7,
"2022-07-06 06:15:26",198.8,64.2,6.8,127.8,95.4,
"2022-07-05 06:58:38",201.2,62.6,6.9,131.5,97.6,
"2022-07-03 08:41:00",199.5,64.3,6.8,128.3,95.7,
"2022-07-01 08:00:29",199.7,62.1,6.9,130.7,96.9,
"2022-06-30 06:12:28",198.9,64.5,6.8,127.5,95.3,
"2022-06-29 07:25:55",198.6,64.7,6.8,127,95,
"2022-06-28 07:06:33",198.5,66.6,6.7,125.2,94.3,
"2022-06-27 06:14:32",199.4,63.3,6.9,129.2,96.1,
"2022-06-26 09:24:44",199.6,64.4,6.8,128.4,95.9,
"2022-06-24 08:19:21",198,61.9,6.9,129.2,95.9,
"2022-06-23 11:43:41",198.3,59,7,132.3,97.4,
"2022-06-21 07:43:45",197.3,61.2,6.9,129.2,95.7,
"2022-06-19 07:51:59",195.7,65.2,6.7,123.8,93,
"2022-06-16 05:52:32",197.9,63.4,6.8,127.6,95.1,
"2022-06-15 07:40:09",197.3,64.1,6.8,126.4,94.5,
"2022-06-14 06:27:20",199.5,63,6.9,129.5,96.3,
"2022-06-13 07:10:38",201.5,62.4,7,132.1,97.9,
"2022-06-12 09:08:36",200.6,62.4,6.9,131.3,97.3,
"2022-06-10 08:01:09",199.5,62.3,6.9,130.3,96.7,
"2022-06-08 08:05:20",197.8,61.4,6.9,129.5,95.9,
"2022-06-07 08:12:09",196.8,62.2,6.8,127.8,95,
"2022-06-06 08:18:00",198.1,59.2,7,131.9,97.2,
"2022-06-05 11:14:50",198.1,62.9,6.8,128.4,95.5,
"2022-06-04 09:33:35",196.9,62.1,6.8,128,95.1,
"2022-06-03 07:55:38",194.9,62.6,6.7,125.6,93.6,
"2022-06-01 08:10:13",197.4,59.9,6.9,130.5,96.3,
"2022-05-31 06:45:39",197.3,58.3,6.9,132,97,
"2022-05-30 08:07:46",197.6,61.5,6.9,129.2,95.8,
"2022-05-29 07:41:09",196.7,65.5,6.7,124.5,93.6,
"2022-05-28 08:04:04",197.1,63.2,6.8,127.1,94.8,
"2022-05-27 09:08:02",197.4,61.4,6.9,129.2,95.7,
"2022-05-26 07:15:12",196.1,58.3,6.9,130.9,96.3,
"2022-05-26 04:45:05",197.5,61.5,6.9,129.1,95.7,
"2022-05-25 07:23:05",198.8,62.7,6.9,129.2,96,
"2022-05-25 07:07:58",198.9,62.7,6.9,129.3,96.1,
"2022-05-24 06:55:18",199.3,58.8,7,133.4,98.1,
"2022-05-24 04:48:02",200.4,61.9,6.9,131.5,97.4,
"2022-05-23 07:10:51",199.5,63.3,6.9,129.3,96.2,
"2022-05-22 10:28:18",201.1,63.1,6.9,131.1,97.3,
"2022-05-22 10:27:41",201,64.4,6.9,129.7,96.7,
"2022-05-21 08:59:35",201.6,65.9,6.9,128.8,96.5,
"2022-05-21 08:51:16",202.1,67.2,6.8,128,96.3,
"2022-05-20 08:48:54",201.7,64.1,6.9,130.6,97.2,
"2022-05-19 07:49:26",201.9,62.7,7,132.1,98,
"2022-05-17 06:09:08",199.7,66,6.8,126.8,95.2,
"2022-05-16 07:18:27",202.2,64,6.9,131.3,97.7,
"2022-05-15 10:43:49",201.1,63.8,6.9,130.3,97,
"2022-05-13 07:24:08",200.8,62,7,131.8,97.6,
"2022-05-12 07:46:37",200.6,65.9,6.8,127.8,95.8,
"2022-05-11 12:59:37",200.4,61.4,7,132,97.6,
"2022-05-10 07:22:57",200.4,65,6.8,128.5,96.1,
"2022-05-09 06:15:01",200.5,65.5,6.8,128.1,95.9,
"2022-05-08 08:57:02",199.8,66.8,6.8,126.2,95,
"2022-05-06 08:18:01",200.4,64.6,6.9,129,96.3,
"2022-05-05 07:39:57",201.3,62.6,7,131.7,97.7,
"2022-05-04 07:14:33",203.2,62.4,7.1,133.7,99,
"2022-05-04 07:05:48",204.2,63.5,7.1,133.7,99.2,
"2022-05-03 06:33:52",201.3,61.7,7,132.6,98.1,
"2022-05-02 06:34:37",200.8,64.9,6.9,129,96.4,
"2022-05-01 18:50:57",202.5,62.9,7,132.6,98.3,
"2022-04-28 08:30:37",200.4,63.5,6.9,129.9,96.7,
"2022-04-27 08:09:33",198.4,63.4,6.8,128.2,95.5,
"2022-04-27 08:02:52",199.1,63.9,6.8,128.3,95.7,
"2022-04-26 08:20:39",200.5,63.5,6.9,130,96.8,
"2022-04-24 08:38:14",200.1,62.7,6.9,130.4,96.8,
"2022-04-22 08:09:05",203,63.3,7,132.7,98.5,
"2022-04-20 07:32:34",198.5,65,6.8,126.7,94.9,
"2022-04-19 08:08:50",198.6,61.4,6.9,130.3,96.5,
"2022-04-18 09:02:03",201.1,61.1,7,133,98.3,
"2022-04-17 06:39:10",199.8,62.7,6.9,130.2,96.7,
"2022-04-14 08:37:28",199,63.7,6.8,128.5,95.7,
"2022-04-13 06:50:50",200.2,61.6,7,131.7,97.4,
"2022-04-12 07:03:17",199.6,60.5,7,132.1,97.5,
"2022-04-11 06:10:11",197.6,59.4,6.9,131.2,96.7,
"2022-04-10 09:51:25",199.3,63.5,6.9,129,96,
"2022-04-08 09:48:34",199.4,58.4,7,134,98.4,
"2022-04-07 07:34:04",200.1,60.3,7,132.8,98,
"2022-04-06 07:13:53",198.7,59.9,7,131.9,97.3,
"2022-04-05 07:09:11",196.1,61,6.8,128.3,95.1,
"2022-04-04 07:09:17",197.3,59.9,6.9,130.4,96.3,
"2022-04-03 12:53:06",198.1,57.7,7,133.4,97.9,
"2022-04-01 09:39:52",196.3,60.5,6.8,128.9,95.4,
"2022-03-31 08:08:34",197.2,,,,,
"2022-03-29 07:16:09",197.7,55.6,7.1,135,98.7,
"2022-03-28 05:43:02",195.8,57.2,6.9,131.6,96.6,
"2022-03-27 10:16:14",196.8,54.2,7.1,135.4,98.8,
"2022-03-26 12:26:32",198.6,59.9,6.9,131.8,97.2,
"2022-03-24 08:27:10",192.3,58.1,6.8,127.4,93.9,
"2022-03-23 06:41:45",193.8,56.7,6.9,130.2,95.5,
"2022-03-22 07:09:10",194.4,58,6.9,129.5,95.3,
"2022-03-21 07:10:31",195.4,56,7,132.4,96.9,
"2022-03-20 10:49:04",196.7,52.8,7.1,136.7,99.5,
"2022-03-17 07:36:08",195.5,57.8,6.9,130.8,96.1,
"2022-03-16 07:41:09",194,56.8,6.9,130.4,95.7,
"2022-03-15 07:28:31",193.9,58.1,6.8,128.9,94.9,
"2022-03-14 07:11:01",195.5,59.4,6.9,129.2,95.4,
"2022-03-13 07:04:05",193.1,57,6.8,129.3,94.9,
"2022-03-11 08:44:15",193.1,53.1,7,133,96.9,
"2022-03-10 07:42:25",192.2,54.5,6.9,130.7,95.5,
"2022-03-09 06:52:38",192.2,56.9,6.8,128.4,94.3,
"2022-03-08 04:55:43",194.2,56.5,6.9,130.7,95.9,
"2022-03-07 04:43:15",195,57.8,6.9,130.2,95.7,
"2022-03-06 05:42:04",195.5,55.7,7,132.7,97.1,
"2022-03-03 07:41:32",193.1,59.5,6.7,126.8,93.7,
"2022-03-03 07:21:15",193.4,58.8,6.8,127.8,94.3,
"2022-03-02 07:00:03",193.1,59.1,6.8,127.2,93.9,
"2022-03-01 06:20:16",193.9,58.4,6.8,128.7,94.8,
"2022-02-28 07:03:44",193.4,56.4,6.9,130.1,95.4,
"2022-02-27 10:00:09",191.7,55,6.9,129.8,94.9,
"2022-02-24 04:50:29",191.4,,,,,
"2022-02-23 06:54:24",191,57,6.7,127.2,93.5,
"2022-02-22 07:07:50",190.1,55.5,6.8,127.8,93.6,
"2022-02-21 06:48:44",189.6,55.9,6.7,126.9,93.1,
"2022-02-20 09:15:46",189.3,56.9,6.7,125.7,92.5,
"2022-02-19 13:24:22",189.3,55.1,6.7,127.4,93.3,
"2022-02-19 10:06:41",189.6,56.9,6.7,125.9,92.6,
"2022-02-18 07:23:33",190,57.1,6.7,126.2,92.8,
"2022-02-17 07:25:51",189.6,56.6,6.7,126.3,92.8,
"2022-02-16 06:42:19",190.5,57.7,6.7,126.1,92.9,
"2022-02-15 06:34:45",191.6,55.4,6.8,129.4,94.7,
"2022-02-14 05:31:36",191.9,57.7,6.8,127.4,93.8,
"2022-02-13 06:51:00",191.2,59.9,6.7,124.5,92.3,
"2022-02-10 08:13:35",192.2,58.2,6.8,127.2,93.8,
"2022-02-09 07:21:05",193.5,58.5,6.8,128.2,94.5,
"2022-02-09 07:17:33",193.8,58.7,6.8,128.2,94.6,
"2022-02-08 08:25:15",193.4,57.7,6.8,128.9,94.8,
"2022-02-07 07:50:16",192.3,58.9,6.7,126.7,93.5,
"2022-02-06 05:25:51",192.1,57.4,6.8,127.9,94,
"2022-02-04 08:44:03",192.3,59.8,6.7,125.8,93.1,
"2022-02-03 07:32:46",192.4,59.2,6.7,126.4,93.5,
"2022-02-02 05:39:09",194.9,59.4,6.8,128.6,95,
"2022-02-01 05:11:08",196.7,57.4,7,132.3,97.1,
"2022-01-31 06:52:06",196,59.3,6.9,129.8,95.7,
"2022-01-30 06:57:56",194.6,59.7,6.8,128,94.6,
"2022-01-28 09:11:19",194.8,59.1,6.8,128.9,95.1,
"2022-01-27 07:30:12",195.1,58.3,6.9,129.9,95.6,
"2022-01-27 07:06:39",195.7,58,6.9,130.8,96.2,
"2022-01-26 07:42:48",194.1,58.1,6.8,129.1,95.1,
"2022-01-25 06:23:01",195.1,59.8,6.8,128.4,94.9,
"2022-01-24 07:07:14",194.3,61.7,6.7,125.8,93.6,
"2022-01-23 08:27:31",195,60.8,6.8,127.4,94.4,
"2022-01-22 10:29:10",194.9,59.9,6.8,128.2,94.8,
"2022-01-21 08:00:33",195.3,59.3,6.8,129.1,95.3,
"2022-01-21 07:35:00",195.4,61.7,6.8,126.9,94.3,
"2022-01-20 07:18:53",196.3,60.4,6.8,129,95.4,
"2022-01-19 07:15:28",194.7,61,6.8,126.9,94.1,
"2022-01-18 08:11:52",195.1,62.1,6.7,126.2,93.9,
"2022-01-18 08:08:22",195.1,62,6.7,126.3,94,
"2022-01-17 13:46:05",197,59.1,6.9,130.9,96.5,
"2022-01-16 08:56:36",200.3,63.6,6.9,129.8,96.6,
"2022-01-15 10:18:50",199.3,62.2,6.9,130.2,96.6,
"2022-01-14 09:33:56",198.4,62.4,6.9,129.1,95.9,
"2022-01-13 07:21:44",198.3,61.9,6.9,129.5,96.1,
"2022-01-12 06:13:19",196.8,62.6,6.8,127.3,94.8,
"2022-01-11 06:06:44",198,65.1,6.8,126.2,94.6,
"2022-01-10 06:46:12",199.1,61.9,6.9,130.3,96.6,
"2022-01-07 11:10:53",197.5,60.2,6.9,130.4,96.3,
"2022-01-02 04:04:40",196.5,63.2,6.8,126.5,94.4,
"2022-01-01 12:51:26",196.2,64.6,6.7,124.8,93.6,
"2021-12-25 10:37:06",198,62.6,6.8,128.5,95.6,
"2021-12-24 10:31:01",196.4,62.8,6.8,126.9,94.5,
"2021-12-22 13:49:24",194.7,62.1,6.7,125.9,93.7,
"2021-12-21 18:17:36",195.6,59.8,6.8,128.9,95.3,
"2021-12-21 14:13:58",196.9,64.9,6.7,125.3,94,
"2021-12-16 09:05:00",197.1,63.3,,,,
"2021-12-15 08:06:37",197,60.5,,,,
"2021-12-14 08:16:54",198.1,64.5,,,,
"2021-12-13 07:20:24",197,64.4,,,,
"2021-12-12 09:37:14",197,64.7,,,,
"2021-12-08 07:54:56",198.4,64,,,,
"2021-12-07 08:11:21",198.9,65.5,,,,
"2021-12-06 07:07:53",196.8,65.3,,,,
"2021-12-05 11:03:27",195.5,64.5,,,,
"2021-12-05 11:00:00",196,65.5,,,,
"2021-12-03 08:10:12",197.2,65.3,,,,
"2021-12-02 07:58:10",195.7,62.9,,,,
"2021-11-29 05:46:39",196.2,63.3,,,,
"2021-11-22 07:10:05",195.4,61,,,,
"2021-11-21 07:46:30",196.3,63.5,,,,
"2021-11-18 07:11:02",194.6,62.3,,,,
"2021-11-17 08:01:00",194.1,61.7,,,,
"2021-11-16 08:27:25",194.7,61.3,,,,
"2021-11-14 10:00:26",193.5,62.1,,,,
"2021-11-12 08:58:29",190.9,60.6,,,,
"2021-11-10 06:31:31",192.4,60.8,,,,
"2021-11-09 07:02:28",194.8,61,,,,
"2021-11-08 07:08:52",197.6,59.3,,,,
"2021-11-06 07:45:54",194,59.1,,,,
"2021-11-05 08:33:10",192.6,60,,,,
"2021-11-04 08:51:47",189.7,59.2,,,,
"2021-11-03 09:02:20",190.6,59.2,,,,
"2021-11-02 08:11:41",190.6,58.6,,,,
"2021-11-01 06:54:52",192.9,59.9,,,,
"2021-10-29 08:54:43",192.1,59,,,,
"2021-10-28 08:09:35",190.5,58.4,,,,
"2021-10-26 07:08:43",189.1,57.5,,,,
"2021-10-25 06:04:38",190.4,58.6,,,,
"2021-10-24 07:30:50",190,61.2,,,,
"2021-10-22 08:41:10",192.2,60.9,,,,
"2021-10-21 07:56:45",191.2,58.1,,,,
"2021-10-20 07:28:08",191.4,59.1,,,,
"2021-10-19 07:08:28",191.9,58.6,,,,
"2021-10-18 06:19:37",191.4,59.3,,,,
"2021-10-17 09:34:11",193,62.4,,,,
"2021-10-16 08:34:30",192,62.2,,,,
"2021-10-15 08:08:56",191.9,58.9,,,,
"2021-10-14 08:11:10",194.3,60.7,,,,
"2021-10-13 07:24:24",194.4,60.1,,,,
"2021-10-12 07:03:30",195.9,59.9,,,,
"2021-10-11 06:39:16",193.7,58.9,,,,
"2021-10-10 06:36:53",192.8,60.7,,,,
"2021-10-09 08:10:37",191,57.8,,,,
"2021-10-07 08:11:53",189.5,58.4,,,,
"2021-10-06 08:08:21",191.2,58.7,,,,
"2021-10-04 06:09:11",191.5,59,,,,
"2021-10-03 18:25:41",192.7,56.9,,,,
"2021-09-29 05:13:50",191.6,58.1,,,,
"2021-09-26 11:27:13",194.8,57.5,,,,
"2021-09-13 06:58:15",189.4,57.3,,,,
"2021-09-12 10:47:15",187.3,52.6,,,,
"2021-09-05 06:37:54",188.9,55.3,,,,
"2021-09-01 07:13:31",187.7,54.4,,,,
"2021-08-31 06:11:13",186.1,53.9,,,,
"2021-08-30 07:08:08",186.2,55.6,,,,
"2021-08-28 07:13:17",187,55,,,,
"2021-08-27 09:10:39",186.8,55.4,,,,
"2021-08-25 07:03:56",185.7,53.9,,,,
"2021-08-24 07:18:57",186.8,54.2,,,,
"2021-08-23 06:08:39",187,54.2,,,,
"2021-08-22 06:40:17",185.9,54.3,,,,
"2021-08-20 08:36:28",186.3,54.8,,,,
"2021-08-16 06:38:32",186.5,53.4,,,,
"2021-08-15 09:57:42",188.1,53.9,,,,
"2021-08-10 08:26:22",184.4,51.5,,,,
"2021-08-09 07:53:11",184.3,50.5,,,,
"2021-08-08 11:27:08",184.9,51.9,,,,
"2021-08-08 08:01:57",185,49.4,,,,
"2021-08-07 11:05:20",184,51.1,,,,
"2021-08-07 06:02:55",186.8,52.7,,,,
"2021-08-06 06:44:45",186.7,53.2,,,,
"2021-08-05 08:00:48",187.3,53.7,,,,
"2021-08-04 07:59:02",187.5,56.4,,,,
"2021-08-03 12:38:45",186.6,55,,,,
"2021-07-30 07:33:02",186,54,,,,
"2021-07-27 07:49:55",184,53.6,,,,
"2021-07-26 09:15:55",185.6,52.7,,,,
"2021-07-25 07:12:53",187.7,55.2,,,,
"2021-07-22 07:31:30",183.9,53.1,,,,
"2021-07-20 05:09:34",184.7,52,,,,
"2021-07-19 08:08:28",185.7,51.8,,,,
"2021-07-16 09:02:41",183.6,50.5,,,,
"2021-07-16 07:47:38",183.8,51.7,,,,
"2021-07-16 07:44:34",184.4,51.9,,,,
"2021-07-15 05:59:12",182.6,50.1,,,,
"2021-07-14 06:39:58",183.1,51,,,,
"2021-07-13 06:46:54",184.3,50.6,,,,
"2021-07-12 06:48:07",184.3,49.8,,,,
"2021-07-11 09:20:19",184.3,50.8,,,,
"2021-07-10 08:44:50",184.5,51.4,,,,
"2021-07-09 08:07:08",182.9,49.6,,,,
"2021-07-08 08:52:28",180.3,48.1,,,,
"2021-07-07 07:57:58",180.2,48.9,,,,
"2021-07-06 07:51:26",180.3,49.5,,,,
"2021-07-04 06:14:44",180.6,49.9,,,,
"2021-07-03 13:28:33",180.8,46,,,,
"2021-07-03 13:21:22",181.3,46.8,,,,
"2021-07-03 10:10:20",181.3,48.7,,,,
"2021-07-03 05:47:55",182.7,51.4,,,,
"2021-07-02 08:36:05",186,50.8,,,,
"2021-07-01 08:43:36",185.9,51.9,,,,
"2021-06-30 08:26:20",180.7,48.8,,,,
"2021-06-29 07:38:12",183.6,49.4,,,,
"2021-06-28 08:08:41",182.7,48.6,,,,
"2021-06-27 07:31:38",181.6,48.7,,,,
"2021-06-25 09:03:45",181.2,47.8,,,,
"2021-06-24 07:23:06",178.6,47.2,,,,
"2021-06-23 08:14:43",178.4,46.6,,,,
"2021-06-22 07:06:47",179.6,47.9,,,,
"2021-06-21 07:10:52",179.6,45.6,,,,
"2021-06-20 08:20:11",180.4,47.7,,,,
"2021-06-18 07:43:09",181.7,43.1,,,,
"2021-06-17 07:27:53",178.2,43.7,,,,
"2021-06-16 08:14:15",175.9,44.8,,,,
"2021-06-15 05:55:21",175.4,43.2,,,,
"2021-06-14 05:34:44",176.6,46.3,,,,
"2021-06-13 09:10:07",175.6,45.4,,,,
"2021-06-12 08:58:01",174.8,45,,,,
"2021-06-11 07:06:58",175.6,45.2,,,,
"2021-06-10 05:14:28",176.5,45.1,,,,
"2021-06-09 08:40:45",175,43.5,,,,
"2021-06-09 08:33:54",174.9,44,,,,
"2021-06-09 04:29:55",175.8,45,,,,
"2021-06-08 07:00:05",176,44.6,,,,
"2021-06-07 06:42:44",176.6,44.1,,,,
"2021-06-06 12:26:48",176,41.8,,,,
"2021-06-06 06:12:44",176.8,45.8,,,,
"2021-06-05 06:41:53",177.6,44.9,,,,
"2021-06-04 07:59:11",176.9,45.3,,,,
"2021-06-03 08:52:55",174.4,42,,,,
"2021-06-02 06:00:54",177.4,44.6,,,,
"2021-06-01 04:55:32",177.1,44.3,,,,
"2021-05-31 08:07:54",176.8,45.4,,,,
"2021-05-30 11:52:59",176,,,,,
"2021-05-30 08:07:18",176,45.7,,,,
"2021-05-29 10:54:22",177.2,42.5,,,,
"2021-05-29 05:58:13",178.3,48.8,,,,
"2021-05-29 05:54:30",179,48.6,,,,
"2021-05-28 06:50:56",177.5,45.9,,,,
"2021-05-27 06:31:13",179.9,46.5,,,,
"2021-05-26 04:52:04",179.5,45.8,,,,
"2021-05-25 04:41:00",179,45,,,,
"2021-05-24 05:47:55",178.6,46,,,,
"2021-05-23 12:57:14",176.6,43.3,,,,
"2021-05-23 10:11:31",176.6,41.3,,,,
"2021-05-23 10:10:15",176.7,42.8,,,,
"2021-05-23 05:46:26",178.9,46.7,,,,
"2021-05-21 05:15:35",178.2,45.6,,,,
"2021-05-20 05:56:39",178.3,46.5,,,,
"2021-05-19 05:10:53",178.9,44.2,,,,
"2021-05-17 06:06:35",178.6,44.6,,,,
"2021-05-16 11:37:09",178.1,42.4,,,,
"2021-05-16 11:28:41",178.5,42.3,,,,
"2021-05-16 08:42:37",178.1,44.8,,,,
"2021-05-15 09:45:29",175,43.9,,,,
"2021-05-14 08:08:01",175.6,45.2,,,,
"2021-05-13 08:09:25",176.3,44.1,,,,
"2021-05-12 06:08:55",177.9,43.1,,,,
"2021-05-11 05:21:11",177.2,44.5,,,,
"2021-05-10 06:26:29",177.1,44.9,,,,
"2021-05-09 08:29:33",176.8,45.6,,,,
"2021-05-07 06:44:00",178.3,45.9,,,,
"2021-05-06 05:57:20",178.4,46,,,,
"2021-05-05 06:17:21",177,46,,,,
"2021-05-04 05:19:53",178.4,46.8,,,,
"2021-05-03 06:20:59",178.5,47.2,,,,
"2021-05-02 06:08:29",177.8,45.7,,,,
"2021-05-01 19:48:09",180.6,45.6,,,,
"2021-05-01 07:22:48",181.3,48.7,,,,
"2021-04-29 06:22:41",177.7,44.4,,,,
"2021-04-28 20:48:57",178.6,42.1,,,,
"2021-04-28 20:44:58",179.2,42.4,,,,
"2021-04-28 05:09:42",177.4,45.3,,,,
"2021-04-27 09:43:15",176.7,44.8,,,,
"2021-04-27 07:46:21",177.6,42.5,,,,
"2021-04-27 05:44:41",177.8,45.1,,,,
"2021-04-26 05:11:32",178.7,45.5,,,,
"2021-04-25 07:13:35",178.2,44.2,,,,
"2021-04-24 07:59:49",177.8,45.6,,,,
"2021-04-23 11:23:04",178.2,42.7,,,,
"2021-04-23 08:39:22",179.2,45.3,,,,
"2021-04-23 04:44:12",179.7,46.2,,,,
"2021-04-22 05:07:51",179.6,45.6,,,,
"2021-04-21 05:43:11",178.9,47,,,,
"2021-04-20 06:59:54",178,45.5,,,,
"2021-04-20 06:50:50",178.4,45.1,,,,
"2021-04-19 06:03:11",180.9,48,,,,
"2021-04-18 05:36:04",179.6,47.2,,,,
"2021-04-16 05:43:12",179.9,47,,,,
"2021-04-15 05:48:11",180,46.4,,,,
"2021-04-15 05:34:55",181.2,47.1,,,,
"2021-04-14 05:53:16",179.7,46.3,,,,
"2021-04-13 06:32:41",180.1,47.7,,,,
"2021-04-12 05:49:16",179.9,48.7,,,,
"2021-04-11 07:44:27",179.5,47.9,,,,
"2021-04-10 11:36:05",178.3,50.4,,,,
"2021-04-10 10:44:29",178.6,50.4,,,,
"2021-04-10 10:30:26",178.6,49.6,,,,
"2021-04-10 09:55:08",178.9,50.3,,,,
"2021-04-10 09:33:18",179.1,50,,,,
"2021-04-10 08:58:56",179.5,50,,,,
"2021-04-10 08:11:47",179.6,51.1,,,,
"2021-04-10 07:40:43",180,49.5,,,,
"2021-04-10 07:38:33",180.3,49.4,,,,
"2021-04-10 06:44:19",180.4,48.7,,,,
"2021-04-10 06:38:24",180.6,48.9,,,,
"2021-04-09 06:05:57",180.6,49.2,,,,
"2021-04-08 06:30:56",180.8,49.2,,,,
"2021-04-07 06:20:32",181.8,48.9,,,,
"2021-04-06 05:30:02",181.4,49.7,,,,
"2021-04-05 06:28:02",181.6,48.9,,,,
"2021-04-04 09:05:28",182.2,48.3,,,,
"2021-04-03 17:16:37",183.5,50.5,,,,
"2021-04-03 17:15:08",183.9,50.4,,,,
"2021-04-02 05:40:28",183.3,48.2,,,,
"2021-04-01 06:10:28",182.7,47.7,,,,
"2021-03-31 06:35:14",181.6,48,,,,
"2021-03-30 08:11:03",181,47.2,,,,
"2021-03-29 05:36:02",181.7,50.2,,,,
"2021-03-28 09:51:06",180.7,49,,,,
"2021-03-28 09:09:57",180.7,48,,,,
"2021-03-28 06:15:25",181.6,48.4,,,,
"2021-03-27 09:09:28",181,49.2,,,,
"2021-03-27 07:03:14",181.1,48.2,,,,
"2021-03-26 08:09:47",180,48.9,,,,
"2021-03-26 08:00:20",180.4,49.9,,,,
"2021-03-26 03:48:29",180.5,49.4,,,,
"2021-03-25 08:00:49",180.2,47.6,,,,
"2021-03-25 07:57:20",180.6,48.3,,,,
"2021-03-25 06:34:00",180.2,49.8,,,,
"2021-03-24 05:54:51",182.5,49.8,,,,
"2021-03-23 05:45:15",182.1,51.7,,,,
"2021-03-22 06:24:55",182.4,50.3,,,,
"2021-03-22 06:04:54",182.5,50.5,,,,
"2021-03-21 07:24:01",183.6,49,,,,
"2021-03-20 09:00:03",182,48.6,,,,
"2021-03-20 08:47:42",181.7,48.2,,,,
"2021-03-20 05:13:26",182.4,47.7,,,,
"2021-03-19 06:17:42",183.3,49.2,,,,
"2021-03-19 06:11:52",184.3,50.2,,,,
"2021-03-18 05:41:28",183.6,48.9,,,,
"2021-03-18 03:55:57",184.2,48.9,,,,
"2021-03-17 07:53:30",183.7,47.6,,,,
"2021-03-17 07:45:48",184.7,48.2,,,,
"2021-03-17 05:08:00",184.3,50.3,,,,
"2021-03-17 04:48:59",184.2,50.4,,,,
"2021-03-17 04:45:22",185.4,50.5,,,,
"2021-03-16 06:07:38",183.4,51.6,,,,
"2021-03-16 06:02:37",184.7,51,,,,
"2021-03-15 06:12:11",183.9,50,,,,
"2021-03-14 08:54:31",184.5,51.5,,,,
"2021-03-13 05:44:08",185.3,51.9,,,,
"2021-03-12 07:40:20",184.7,51.3,,,,
"2021-03-12 07:35:17",185.8,52.9,,,,
"2021-03-11 11:13:46",183.6,47.6,,,,
"2021-03-11 11:13:06",183.6,48.9,,,,
"2021-03-11 11:08:12",184.6,47.8,,,,
"2021-03-11 05:25:07",183.6,51.1,,,,
"2021-03-09 11:17:08",183.2,45.6,,,,
"2021-03-09 11:07:04",185.3,45.8,,,,
"2021-03-09 02:34:10",184.8,49.4,,,,
"2021-03-08 04:22:21",186.4,51.3,,,,
"2021-03-07 10:45:34",184.5,44.1,,,,
"2021-03-07 10:41:31",185.1,45.4,,,,
"2021-03-07 05:03:23",184.7,51.2,,,,
"2021-03-06 17:17:45",184,47.8,,,,
"2021-03-06 12:05:43",185.2,47.9,,,,
"2021-03-06 12:01:18",186,47.5,,,,
"2021-03-06 07:33:13",184.9,51.3,,,,
"2021-03-05 13:14:02",186,49.5,,,,
"2021-03-05 13:08:31",187.1,51.1,,,,
"2021-03-05 07:45:47",184.9,50.6,,,,
"2021-03-04 05:38:25",186,48,,,,
"2021-03-04 05:35:59",185.9,48.9,,,,
"2021-03-04 04:17:44",186.3,51.5,,,,
"2021-03-03 14:10:40",184.9,51,,,,
"2021-03-03 08:41:59",185.8,51.1,,,,
"2021-03-03 06:24:30",186.5,49.8,,,,
"2021-03-03 06:14:29",187.3,51.1,,,,
"2021-03-02 06:41:26",185.7,51.4,,,,
"2021-03-01 07:07:53",185.2,53.1,,,,
"2021-02-28 06:42:51",183.8,55.2,,,,
"2021-02-28 06:42:10",183.6,55,,,,
"2021-02-27 15:12:21",184.2,54.5,,,,
"2021-02-27 13:07:48",184.6,54.8,,,,
"2021-02-27 13:00:41",185.6,56.7,,,,
"2021-02-27 04:56:20",186.1,55.3,,,,
"2021-02-27 04:55:45",186.4,55.1,,,,
"2021-02-27 04:55:02",186.1,55.1,,,,
"2021-02-26 04:51:59",187.5,54.2,,,,
"2021-02-25 04:49:47",187.4,53.6,,,,
"2021-02-24 05:11:29",188.1,53.4,,,,
"2021-02-22 06:31:28",188.1,53.4,,,,
"2021-02-22 06:13:38",188.7,54.3,,,,
"2021-02-21 10:37:59",188.5,55.2,,,,
"2021-02-21 07:09:56",188.8,51.7,,,,
"2021-02-20 12:24:55",188,55.5,,,,
"2021-02-20 12:19:40",188.6,55.3,,,,
"2021-02-20 09:42:02",188.6,57,,,,
"2021-02-19 05:49:11",189.3,51.4,,,,
"2021-02-18 06:15:20",190.3,54.3,,,,
"2021-02-17 06:53:57",188.6,52.8,,,,
"2021-02-16 06:57:00",189.1,52.5,,,,
"2021-02-15 08:00:50",189.1,54.3,,,,
"2021-02-14 08:43:27",188,56.2,,,,
"2021-02-14 06:41:13",188.5,55.6,,,,
"2021-02-13 09:15:49",189.1,56,,,,
"2021-02-13 09:12:19",189.3,57.2,,,,
"2021-02-13 06:00:50",190.6,58.3,,,,
"2021-02-12 06:55:02",189.4,57.2,,,,
"2021-02-11 06:05:46",190,55.7,,,,
"2021-02-10 06:14:56",190.5,55.9,,,,
"2021-02-08 05:44:26",190.3,55.3,,,,
"2021-02-08 05:21:20",190.9,54.6,,,,
"2021-02-07 07:38:34",190.2,56.5,,,,
"2021-02-06 06:38:30",190.9,55.9,,,,
"2021-02-04 06:14:32",191.1,53.8,,,,
"2021-02-04 06:02:53",191.5,54.5,,,,
"2021-02-03 06:15:58",190.5,53.7,,,,
"2021-02-02 05:27:37",191.4,54.3,,,,
"2021-02-01 05:11:37",190.4,54.9,,,,
"2021-02-01 05:05:20",190.4,55.4,,,,
"2021-01-31 15:11:09",190.5,54.5,,,,
"2021-01-31 06:29:04",190.5,55.3,,,,
"2021-01-31 06:21:34",190.6,54.9,,,,
"2021-01-30 06:09:52",191.9,56.6,,,,
"2021-01-29 06:52:59",191,56.4,,,,
"2021-01-29 06:33:24",191.4,56.9,,,,
"2021-01-28 07:32:41",190.3,56.2,,,,
"2021-01-27 06:00:36",192,53.8,,,,
"2021-01-26 06:23:46",192.8,57.6,,,,
"2021-01-26 06:17:18",193.9,56.3,,,,
"2021-01-25 06:14:41",193.5,58,,,,
"2021-01-25 06:07:13",193.7,59.8,,,,
"2021-01-24 05:30:47",193.2,58.3,,,,
"2021-01-23 10:11:15",192.9,59.6,,,,
"2021-01-22 06:04:55",194.7,59.6,,,,
"2021-01-22 05:55:50",195,60.8,,,,
"2021-01-21 06:03:22",194.6,60.5,,,,
"2021-01-21 06:02:08",194.8,60.4,,,,
"2021-01-21 06:02:07",194.8,60.4,,,,
"2021-01-20 06:08:33",195.7,59.3,,,,
"2021-01-19 06:23:14",195.7,60,,,,
"2021-01-18 07:24:27",193.8,59.2,,,,
"2021-01-17 07:07:33",194.1,60.5,,,,
"2021-01-17 07:05:43",194.1,61.4,,,,
"2021-01-16 10:31:06",194.7,61.6,,,,
"2021-01-16 10:25:01",195.6,62.8,,,,
"2021-01-16 06:06:24",195.5,63.2,,,,
"2021-01-15 05:52:48",195.7,60.8,,,,
"2021-01-13 10:13:12",194.6,65.2,,,,
"2021-01-13 06:38:31",195.5,64,,,,
"2021-01-12 06:49:12",195.5,62.7,,,,
"2021-01-12 06:36:17",195.8,63.8,,,,
"2021-01-11 06:15:08",195.9,64.5,,,,
"2021-01-10 07:42:04",196.7,64.3,,,,
"2021-01-09 07:25:59",197.7,63.9,,,,
"2021-01-08 08:00:09",198,66.1,,,,
"2021-01-08 03:03:09",199.2,64,,,,
"2021-01-06 06:36:44",198.8,64.9,,,,
"2021-01-05 08:18:21",200,67.7,,,,
"2021-01-05 08:07:27",200.4,66.1,,,,
"2021-01-04 06:42:45",200.5,67.7,,,,
"2021-01-03 14:42:02",201,67.9,,,,
"2021-01-03 14:36:58",202.2,68.8,,,,
"2021-01-03 08:12:15",201.3,68.6,,,,
"2021-01-02 15:08:34",201.9,66.6,,,,
"2021-01-01 13:05:54",204.2,67.6,,,,
"2021-01-01 13:04:13",207.4,,,,,
"2021-01-01 12:58:45",204.1,68.1,,,,
"2021-01-01 10:44:52",204.2,71.3,,,,
"2020-11-01 13:00:03",203,62.3,,,,
"2020-05-18 10:50:12",194.5,59,,,,
"2020-05-17 06:55:01",195.2,60.6,,,,
"2020-05-16 08:08:44",195,60,,,,
"2020-02-16 13:26:53",187.8,54.2,,,,
"2020-02-08 12:53:23",188.4,57.7,,,,
"2020-01-12 10:22:30",188.2,56.1,,,,
"2020-01-10 07:03:11",187.6,55.5,,,,
"2020-01-01 10:38:55",190.5,,,,,
"2019-11-11 08:00:47",186.5,55.4,,,,
"2019-11-04 06:04:25",187.6,55.8,,,,
"2019-11-02 09:52:28",188.6,57.6,,,,
"2019-10-23 09:04:58",188,56.3,,,,
"2019-10-20 12:54:51",187.4,55.6,,,,
"2019-10-09 06:14:14",187,55.9,,,,
"2019-10-08 06:20:01",186.7,55.2,,,,
"2019-10-07 09:29:29",187.3,56.9,,,,
"2019-10-04 09:17:39",186.8,56.2,,,,
"2019-10-04 09:12:23",187.3,55.9,,,,
"2019-10-03 05:01:42",188.7,57.6,,,,
"2019-10-02 08:51:42",186.6,56.2,,,,
"2019-10-01 17:12:59",188,53.9,,,,
"2019-10-01 09:00:43",188.4,57.1,,,,
"2019-09-30 18:54:53",192.9,57.5,,,,
"2019-09-30 08:41:04",186.4,56.3,,,,
"2019-09-23 06:52:23",186.5,53.1,,,,
"2019-09-23 06:51:43",187,52.7,,,,
"2019-09-19 09:03:52",186.4,55.8,,,,
"2019-09-03 08:02:22",185.8,55.6,,,,
"2019-08-30 09:15:11",185,54.7,,,,
"2019-08-19 07:48:58",188.2,50.1,,,,
"2019-07-20 11:31:46",186,53.9,,,,
"2019-07-20 11:31:06",186,52.7,,,,
"2019-04-21 07:06:29",188.6,56,,,,
"2019-04-06 10:32:04",187.1,54.6,,,,
"2019-03-24 06:13:49",189.3,57.9,,,,
"2019-03-23 08:18:18",190.2,56.6,,,,
"2019-03-16 18:37:40",192.6,55.8,,,,
"2019-03-16 18:35:42",196.1,,,,,
"2018-05-06 09:11:36",189.2,,,,,
"2018-04-06 06:29:43",181.6,47.3,,,,
"2018-04-05 11:51:25",179.2,47.4,,,,
"2018-04-02 10:39:45",182.6,47.8,,,,
"2018-04-02 10:29:40",184,48.6,,,,
"2018-03-30 13:08:37",181.9,48.8,,,,
"2018-03-30 11:56:06",181.8,46.8,,,,
"2018-03-30 11:50:16",182.5,46.8,,,,
"2018-03-24 09:51:31",179.6,45.9,,,,
"2018-03-21 17:51:57",179.7,45.4,,,,
"2018-03-17 09:49:26",181,48.5,,,,
"2018-03-16 10:46:45",183.6,49.5,,,,
"2018-03-16 10:41:12",184.7,50.5,,,,
"2018-03-16 07:31:03",182.3,48.4,,,,
"2018-03-11 05:55:45",177.8,47.6,,,,
"2018-03-10 11:50:05",177.3,44.2,,,,
"2018-03-09 07:07:23",180,47.1,,,,
"2018-03-09 07:04:56",180.8,47.6,,,,
"2018-03-08 10:48:01",178.9,46.5,,,,
"2018-03-07 11:27:29",178,46.6,,,,
"2018-03-05 08:43:36",177.9,48.7,,,,
"2018-02-23 05:10:57",177.5,45.1,,,,
"2018-02-22 13:50:57",176.2,40.9,,,,
"2018-02-22 12:33:13",178,43.9,,,,
"2018-02-22 10:01:11",176.5,43.3,,,,
"2018-02-22 09:57:13",177.8,44.1,,,,
"2018-02-21 14:34:28",175.4,41.3,,,,
"2018-02-21 14:33:41",175.4,41.6,,,,
"2018-02-21 13:10:41",176.7,43.7,,,,
"2018-02-21 11:41:41",177.7,43.2,,,,
"2018-02-21 11:35:53",179.2,44.9,,,,
"2018-02-21 05:56:32",178,45,,,,
"2018-02-20 13:45:14",176.5,41.9,,,,
"2018-02-20 12:28:23",177.6,44.8,,,,
"2018-02-20 12:23:27",178.6,46.1,,,,
"2018-02-20 07:44:16",176.6,45.6,,,,
"2018-02-20 07:41:56",177.4,45.8,,,,
"2018-02-19 16:13:10",175.1,42.5,,,,
"2018-02-19 16:12:27",175.2,42,,,,
"2018-02-19 14:00:48",176.5,44.9,,,,
"2018-02-19 13:57:14",177.4,45.2,,,,
"2018-02-19 04:36:51",177.2,45.1,,,,
"2018-02-19 04:35:22",178.1,45.6,,,,
"2018-02-18 13:34:57",179.1,44.9,,,,
"2018-02-18 13:27:46",179.8,44.8,,,,
"2018-02-18 07:52:08",179,45.9,,,,
"2018-02-17 07:45:52",177.1,44.2,,,,
"2018-02-17 04:55:15",177.5,46.5,,,,
"2018-02-16 10:43:57",176.9,41.9,,,,
"2018-02-16 10:38:41",177.3,41.9,,,,
"2018-02-16 06:14:35",177.8,46.3,,,,
"2018-02-15 10:44:05",177.2,42.5,,,,
"2018-02-15 10:35:27",177.1,41.6,,,,
"2018-02-15 07:59:57",178.2,45.2,,,,
"2018-02-15 07:52:05",178.8,45.8,,,,
"2018-02-14 11:24:51",176.8,42.7,,,,
"2018-02-14 08:24:10",177.3,47,,,,
"2018-02-13 07:33:29",175.9,45.9,,,,
"2018-02-12 05:05:05",177.1,45.4,,,,
"2018-02-11 20:31:15",177.7,41.8,,,,
"2018-02-11 07:36:15",177.9,46.3,,,,
"2018-02-10 11:55:11",177.1,43.3,,,,
"2018-02-10 08:38:03",177.6,46.5,,,,
"2018-02-09 12:46:04",177.7,46.3,,,,
"2018-02-09 11:47:15",177.8,44.2,,,,
"2018-02-09 11:46:27",177.8,44,,,,
"2018-02-09 11:25:26",178.1,44.1,,,,
"2018-02-09 08:31:17",179.4,47.1,,,,
"2018-02-09 05:50:26",179.7,48.4,,,,
"2018-02-08 14:31:36",179.2,48.2,,,,
"2018-02-08 08:34:35",179,47.1,,,,
"2018-02-07 08:19:13",181.4,48.6,,,,
"2018-02-07 08:16:51",182.4,50.1,,,,
"2018-02-06 08:52:06",180.1,47.4,,,,
"2018-02-06 07:41:55",180.8,48,,,,
"2018-02-05 10:30:09",178.9,45.5,,,,
"2018-02-05 10:22:29",180.3,46.5,,,,
"2018-02-04 10:06:42",178.7,47.5,,,,
"2018-02-04 09:22:53",179.6,47.9,,,,
"2018-02-04 09:21:23",180.7,48.7,,,,
"2018-02-03 07:32:54",178.3,47.4,,,,
"2018-02-02 08:46:52",179.3,47,,,,
"2018-02-02 08:45:37",179.5,46.7,,,,
"2018-02-01 10:25:45",179.3,47.1,,,,
"2018-02-01 10:20:27",180.7,48.3,,,,
"2018-02-01 10:19:55",180.8,48.1,,,,
"2018-02-01 08:24:01",179.2,47.8,,,,
"2018-02-01 08:21:28",179.7,48.2,,,,
"2018-01-31 09:41:01",178.9,46.9,,,,
"2018-01-31 09:37:27",179.7,47.3,,,,
"2018-01-31 09:36:49",179.8,47.6,,,,
"2018-01-31 08:45:51",179.8,47.7,,,,
"2018-01-31 08:44:56",180.3,48.4,,,,
"2018-01-30 08:45:52",179.1,45.4,,,,
"2018-01-30 08:39:17",179.7,46.1,,,,
"2018-01-30 06:47:41",179.9,48.1,,,,
"2018-01-30 06:45:05",181.2,48.9,,,,
"2018-01-29 12:48:00",177,42.9,,,,
"2018-01-29 12:46:35",177,42.5,,,,
"2018-01-29 12:45:51",177.1,42.7,,,,
"2018-01-29 11:39:37",178.1,44.9,,,,
"2018-01-29 11:34:58",179.4,46.1,,,,
"2018-01-27 07:38:15",180.2,46.5,,,,
"2018-01-26 08:37:58",179.9,44.8,,,,
"2018-01-26 08:27:52",179.7,45.3,,,,
"2018-01-26 08:23:11",180.4,45.4,,,,
"2018-01-26 06:40:51",181.8,49,,,,
"2018-01-26 06:38:37",182.7,49.3,,,,
"2018-01-25 08:02:56",178.7,43.9,,,,
"2018-01-25 06:02:15",179.9,47.9,,,,
"2018-01-24 10:29:32",179.5,47.2,,,,
"2018-01-24 10:25:06",180.6,48.6,,,,
"2018-01-24 06:39:15",178.7,47,,,,
"2018-01-23 09:47:39",178.9,47.4,,,,
"2018-01-23 09:39:34",179.9,47.9,,,,
"2018-01-22 12:59:05",179.9,45.8,,,,
"2018-01-22 06:47:15",179.5,48.1,,,,
"2018-01-22 06:46:21",179.5,48.6,,,,
"2018-01-22 06:41:55",180.7,48.7,,,,
"2018-01-21 12:05:48",180.2,50.3,,,,
"2018-01-21 07:32:44",179.7,50.4,,,,
"2018-01-21 07:30:17",180.2,49.8,,,,
"2018-01-20 08:45:28",179.6,49.3,,,,
"2018-01-19 11:25:40",181,48.7,,,,
"2018-01-19 11:22:22",181.8,49.5,,,,
"2018-01-19 07:35:34",179.6,48.6,,,,
"2018-01-19 07:32:32",180.2,48.3,,,,
"2018-01-19 06:22:51",179.9,47.9,,,,
"2018-01-18 13:32:05",179.3,,,,,
"2018-01-18 13:30:56",179.2,46.2,,,,
"2018-01-18 11:54:45",180.4,47.9,,,,
"2018-01-18 11:50:18",180.9,49.1,,,,
"2018-01-17 13:28:59",181.2,47.3,,,,
"2018-01-17 06:07:33",182.7,50.2,,,,
"2018-01-16 08:09:05",181.9,49.6,,,,
"2018-01-16 08:06:18",182.1,49.6,,,,
"2018-01-15 07:15:43",182,47.9,,,,
"2018-01-15 07:14:39",182,47.7,,,,
"2018-01-14 09:31:30",183.7,49.1,,,,
"2018-01-14 09:24:59",184.8,49.6,,,,
"2018-01-11 09:16:45",180.6,50.2,,,,
"2018-01-10 12:16:10",182.3,47.2,,,,
"2018-01-10 12:01:06",183,47.8,,,,
"2018-01-09 14:38:24",183.8,49,,,,
"2018-01-08 11:17:39",182.4,46.4,,,,
"2018-01-07 06:09:49",183.5,51.1,,,,
"2018-01-06 07:34:48",182.8,48,,,,
"2018-01-05 09:41:02",184.3,50.8,,,,
"2018-01-05 09:25:58",184.7,50.7,,,,
"2018-01-03 10:46:46",184.2,48.7,,,,
"2018-01-02 12:49:23",187.6,50.6,,,,
"2017-12-22 08:44:56",182.6,49.4,,,,
"2017-12-22 08:43:55",183.4,50.7,,,,
"2017-12-10 07:01:09",179.5,49.4,,,,
"2017-12-09 04:42:21",179.3,49.4,,,,
"2017-12-08 08:10:43",179.3,48.1,,,,
"2017-12-08 07:50:16",180.4,49.4,,,,
"2017-12-07 08:11:50",179.2,47.9,,,,
"2017-12-06 09:12:23",179.4,48.1,,,,
"2017-12-05 06:49:40",181,48.7,,,,
"2017-12-04 10:28:26",181.5,45.9,,,,
"2017-12-02 10:22:57",182.3,47,,,,
"2017-12-01 08:17:58",181.3,47.1,,,,
"2017-11-30 08:36:48",180.6,48.3,,,,
"2017-11-29 12:25:10",180.5,46.1,,,,
"2017-11-29 08:44:34",179.9,47.3,,,,
"2017-11-28 08:04:42",180.8,48.6,,,,
"2017-11-27 07:45:28",181.6,48.5,,,,
"2017-11-26 07:58:05",181.8,48.5,,,,
"2017-11-26 07:47:37",182,47.8,,,,
"2017-11-25 12:41:22",180.7,47.6,,,,
"2017-11-24 10:51:24",183.3,46.8,,,,
"2017-11-23 10:18:16",181.3,47.3,,,,
"2017-11-23 07:01:38",182.9,48.8,,,,
"2017-11-23 06:59:15",183.6,49.3,,,,
"2017-11-23 06:58:38",184,49.6,,,,
"2017-11-22 13:59:25",183.1,46.3,,,,
"2017-11-21 14:27:28",184.2,47.2,,,,
"2017-11-21 06:55:08",182.9,49.1,,,,
"2017-11-20 09:46:52",182.3,46.6,,,,
"2017-11-19 19:21:50",183.2,45.6,,,,
"2017-11-19 07:38:36",181.2,47.6,,,,
"2017-11-18 13:16:45",183.5,50.2,,,,
"2017-11-18 12:48:58",181.6,49.5,,,,
"2017-11-15 11:17:55",183.8,48.5,,,,
"2017-11-14 10:16:42",184.3,50.4,,,,
"2017-11-13 07:17:24",181.3,50,,,,
"2017-11-12 12:07:55",181.4,51.3,,,,
"2017-11-11 10:23:16",182.1,51.5,,,,
"2017-11-10 08:03:06",182.7,49.3,,,,
"2017-11-08 10:01:41",183.9,48.3,,,,
"2017-11-08 10:01:07",183.9,47.6,,,,
"2017-11-07 10:52:19",181.9,48.6,,,,
"2017-11-06 10:36:37",181.8,44,,,,
"2017-11-05 12:08:02",182.5,47.6,,,,
"2017-11-04 09:13:40",183.3,50.5,,,,
"2017-11-01 10:26:41",182.3,49.9,,,,
"2017-10-31 15:55:07",184.5,50.3,,,,
"2017-10-26 11:02:12",185.1,51.7,,,,
"2017-10-24 11:07:55",185.8,50.4,,,,
"2017-10-23 08:34:52",186,49.7,,,,
"2017-10-22 10:35:03",185.5,51.2,,,,
"2017-10-21 09:26:20",184.8,48.8,,,,
"2017-10-18 10:54:22",186.2,50,,,,
"2017-10-16 21:09:12",185,,,,,
"2017-10-10 11:41:38",184.5,52.6,,,,
"2017-09-11 13:25:03",188.9,52.9,,,,
"2017-09-09 10:11:54",185.8,52.2,,,,
"2017-09-07 06:52:33",188.8,53.7,,,,
"2017-09-05 08:41:00",189.3,51.7,,,,
"2017-09-04 15:04:00",188.5,48.7,,,,
"2017-09-01 11:26:28",187.5,50.1,,,,
"2017-08-31 11:02:38",188.3,49.4,,,,
"2017-08-30 14:09:56",190.5,51,,,,
"2017-08-29 07:05:58",188.3,55.9,,,,
"2017-08-24 17:05:38",188.6,53.2,,,,
"2017-08-24 17:04:48",188.8,53.3,,,,
"2017-08-23 15:22:58",187.8,51.4,,,,
"2017-08-23 15:21:55",187.9,51.7,,,,
"2017-08-22 17:10:39",190.5,52.8,,,,
"2017-08-20 10:46:54",189,56.8,,,,
"2017-08-19 10:39:59",188,56.3,,,,
"2017-08-18 15:43:02",190.1,54.2,,,,
"2017-08-17 08:16:45",188.9,57.1,,,,
"2017-08-16 07:51:07",187.9,55,,,,
"2017-08-15 07:32:24",189.4,55.7,,,,
"2017-08-14 07:09:41",187.9,54.8,,,,
"2017-08-12 15:06:06",188.4,52.7,,,,
"2017-08-11 07:13:23",188.3,54.3,,,,
"2017-08-10 06:42:16",187.9,56.4,,,,
"2017-08-09 07:23:01",187.5,55.8,,,,
"2017-08-08 07:29:13",188.1,55.9,,,,
"2017-08-07 10:34:05",189.4,56.1,,,,
"2017-01-14 08:25:02",189.5,56.4,,,,
"2017-01-01 15:30:03",189.6,54.3,,,,
"2016-11-27 04:24:59",188.1,52.6,,,,
"2016-11-13 04:07:07",184.2,50.9,,,,
"2016-11-12 11:54:01",184.6,52.3,,,,
"2016-11-06 04:27:52",183.2,49.8,,,,
"2016-10-29 21:08:12",188.1,46.9,,,,
"2016-10-23 04:35:37",182.1,49.1,,,,
"2016-10-16 04:10:42",179.7,46.3,,,,
"2016-10-09 06:18:06",183.8,50.7,,,,
"2016-10-01 10:49:59",176.6,45.5,,,,
"2016-09-29 10:10:41",176.7,45.6,,,,
"2016-09-29 10:03:12",177.6,45.4,,,,
"2016-09-27 07:03:44",176.7,,,,,
"2016-09-26 08:31:38",177.2,,,,,
"2016-09-25 13:58:44",176.2,45.2,,,,
"2016-09-24 13:56:37",178.1,46.3,,,,
"2016-09-23 13:25:47",175.8,46,,,,
"2016-09-22 06:22:28",177.7,46.3,,,,
"2016-09-21 12:07:15",176,47.3,,,,
"2016-09-20 12:06:38",179.3,,,,,
"2016-09-20 12:05:23",179.6,45.8,,,,
"2016-08-29 07:38:23",175.3,43.8,,,,
"2016-08-27 11:54:26",175.1,42.5,,,,
"2016-08-26 10:35:41",175,44,,,,
"2016-08-25 05:45:55",174.6,44.2,,,,
"2016-08-23 09:43:21",175.5,42.7,,,,
"2016-08-22 06:53:00",176.1,43.2,,,,
"2016-08-19 06:59:40",175.7,44.4,,,,
"2016-08-18 08:20:13",175,44,,,,
"2016-08-16 06:45:23",177.2,43.1,,,,
"2016-08-15 06:29:47",174.9,43,,,,
"2016-08-13 07:46:14",174.5,43.6,,,,
"2016-08-11 06:38:46",173.1,42,,,,
"2016-08-10 09:53:33",173,43.3,,,,
"2016-08-09 06:03:22",176.9,43.1,,,,
"2016-08-06 09:13:32",173.3,41.8,,,,
"2016-08-04 06:35:01",177,43.8,,,,
"2016-08-03 06:56:20",175,42.6,,,,
"2016-08-03 06:44:36",175.4,42.6,,,,
"2016-08-02 06:49:22",176.6,42.2,,,,
"2016-08-01 06:40:48",176,43.4,,,,
"2016-07-31 09:32:50",174.1,40.6,,,,
"2016-07-31 09:27:33",174.9,41.4,,,,
"2016-07-31 07:55:23",174.7,41.5,,,,
"2016-07-29 08:50:47",172.5,40.5,,,,
"2016-07-28 06:59:07",174.1,41.6,,,,
"2016-07-28 06:47:52",174.4,41.3,,,,
"2016-07-27 06:51:06",176.6,40.9,,,,
"2016-07-26 06:52:02",174.3,40.4,,,,
"2016-07-25 06:17:42",170.9,38.8,,,,
"2016-07-24 08:36:31",169.6,41.8,,,,
"2016-07-23 17:32:53",169.7,38.1,,,,
"2016-07-23 17:32:21",170,38.4,,,,
"2016-07-23 17:31:33",169.7,38.3,,,,
"2016-07-23 17:26:24",170.1,38,,,,
"2016-07-23 06:30:08",169.5,41.2,,,,
"2016-07-22 09:39:07",170.4,41.2,,,,
"2016-07-22 09:38:36",171.6,42,,,,
"2016-07-22 09:38:04",170.5,40.9,,,,
"2016-07-22 09:36:51",170.5,41.1,,,,
"2016-07-22 09:25:08",171.9,41.4,,,,
"2016-07-22 07:24:19",171,42.7,,,,
"2016-07-21 06:20:50",170,40.9,,,,
"2016-07-20 08:52:35",170.3,41.7,,,,
"2016-07-20 08:50:02",170.3,41.8,,,,
"2016-07-20 07:46:25",171.1,41.9,,,,
"2016-07-19 08:23:13",171.9,41.7,,,,
"2016-07-18 07:20:26",172.4,41.9,,,,
"2016-07-17 08:07:18",172.1,42,,,,
"2016-07-16 11:12:52",172.8,40.9,,,,
"2016-07-16 07:18:05",172.6,41.5,,,,
"2016-07-16 07:03:13",173.5,42.1,,,,
"2016-07-15 06:18:16",174.1,43,,,,
"2016-07-15 05:36:52",174,42.2,,,,
"2016-07-14 08:13:50",172.4,42.5,,,,
"2016-07-13 09:31:48",172,43.5,,,,
"2016-07-12 07:05:01",173.3,42.5,,,,
"2016-07-11 07:10:48",175.6,42.1,,,,
"2016-07-10 11:08:47",175.8,43.1,,,,
"2016-07-09 08:55:14",173.2,40,,,,
"2016-07-09 08:42:13",174.3,40.5,,,,
"2016-07-09 07:17:23",174.4,42.1,,,,
"2016-07-08 09:04:56",172.5,41.2,,,,
"2016-07-07 05:47:30",173.5,41.7,,,,
"2016-07-06 09:09:18",172,41.4,,,,
"2016-07-06 08:18:17",172.6,41.9,,,,
"2016-07-05 13:40:52",173.5,38.8,,,,
"2016-07-05 09:22:37",173.1,41.8,,,,
"2016-06-29 06:40:24",177.1,43.2,,,,
"2016-06-28 07:42:34",177,42.4,,,,
"2016-06-27 07:02:27",173.4,39.9,,,,
"2016-06-25 07:42:42",174.3,42.8,,,,
"2016-06-24 07:26:50",174.2,42.2,,,,
"2016-06-23 05:58:41",173.8,42.4,,,,
"2016-06-22 09:48:54",172.9,40.9,,,,
"2016-06-21 05:50:39",173.8,42,,,,
"2016-06-20 06:49:45",172.5,41.2,,,,
"2016-06-19 10:30:15",173.3,38.6,,,,
"2016-06-18 07:07:56",173.2,41.5,,,,
"2016-06-18 07:07:02",173.7,41.5,,,,
"2016-06-17 08:55:39",176.5,,,,,
"2016-06-17 08:54:59",176.5,46.3,,,,
"2016-06-17 08:54:27",176.2,45.8,,,,
"2016-06-16 09:05:01",172.6,41.4,,,,
"2016-06-15 09:15:08",172.2,41.3,,,,
"2016-06-14 08:22:39",173.7,42.4,,,,
"2016-06-13 08:23:51",173.2,42.2,,,,
"2016-06-12 08:52:57",172.2,40.6,,,,
"2016-06-11 11:55:50",171.5,39.1,,,,
"2016-06-11 11:46:16",172.5,39.4,,,,
"2016-06-11 09:35:03",172.6,41.8,,,,
"2016-06-10 07:15:51",172.6,40.5,,,,
"2016-06-09 05:56:17",172.5,41.4,,,,
"2016-06-08 08:34:35",171.6,42.4,,,,
"2016-06-08 08:33:58",171.5,42.7,,,,
"2016-06-08 08:33:07",168.9,40.4,,,,
"2016-06-07 08:14:13",173.2,42,,,,
"2016-06-06 06:12:02",173.3,42,,,,
"2016-06-05 14:46:56",172.7,40.5,,,,
"2016-06-05 11:06:15",172,,,,,
"2016-06-05 08:59:43",171.8,40.9,,,,
"2016-06-04 11:48:18",170.6,40.7,,,,
"2016-06-03 08:24:36",172.1,39.1,,,,
"2016-06-03 06:21:02",172.4,41.2,,,,
"2016-06-02 08:29:16",171.2,40.1,,,,
"2016-06-01 07:39:01",171.3,40.1,,,,
"2016-06-01 05:59:49",172.3,41.8,,,,
"2016-05-31 06:38:37",171.9,40.4,,,,
"2016-05-30 09:40:11",170.7,40.7,,,,
"2016-05-28 12:08:03",171.5,40.3,,,,
"2016-05-27 09:39:29",171.7,41.5,,,,
"2016-05-26 06:39:42",171.4,40.8,,,,
"2016-05-25 09:16:15",175.4,44.6,,,,
"2016-05-24 07:07:16",172.1,39.2,,,,
"2016-05-24 07:06:35",171.9,39.4,,,,
"2016-05-23 06:27:32",179.1,,,,,
"2016-05-23 06:27:02",179,,,,,
"2016-05-22 09:36:33",171.9,40.1,,,,
"2016-05-21 15:04:51",172,37.6,,,,
"2016-05-21 07:54:06",173.3,41.1,,,,
"2016-05-20 11:33:47",176.1,44.2,,,,
"2016-05-19 06:42:42",171.1,39.8,,,,
"2016-05-18 05:50:48",171.2,40.6,,,,
"2016-05-17 04:50:27",171.5,42.3,,,,
"2016-05-16 07:48:16",171.7,40.9,,,,
"2016-05-15 07:44:14",172,40.8,,,,
"2016-05-14 10:25:46",171.7,41.3,,,,
"2016-05-13 11:10:30",171.8,40.5,,,,
"2016-05-12 08:11:06",172.5,41.3,,,,
"2016-05-11 06:11:35",173.2,42,,,,
"2016-05-10 09:01:25",172.3,40.8,,,,
"2016-05-09 06:42:28",172.6,41.2,,,,
"2016-05-08 06:48:50",171.5,42.9,,,,
"2016-05-07 08:18:20",170.7,41.5,,,,
"2016-05-06 10:22:50",172.8,41.7,,,,
"2016-05-05 08:12:22",172.5,42.4,,,,
"2016-05-04 06:54:09",171.9,42.2,,,,
"2016-05-03 07:41:46",172.1,42.7,,,,
"2016-05-02 08:07:08",171.8,41.6,,,,
"2016-05-01 11:11:10",171.5,40.9,,,,
"2016-04-30 17:26:27",171.8,38.8,,,,
"2016-04-30 17:25:56",171.9,38.9,,,,
"2016-04-30 17:25:00",172.2,39.1,,,,
"2016-04-30 11:16:08",172.7,42.8,,,,
"2016-04-30 11:12:48",173.1,42.5,,,,
"2016-04-30 09:21:31",172.2,43.2,,,,
"2016-04-30 09:18:10",172.4,42.9,,,,
"2016-04-29 09:34:02",172.2,41.5,,,,
"2016-04-28 08:23:15",172.3,42.8,,,,
"2016-04-27 09:38:02",172.1,43.3,,,,
"2016-04-27 09:37:27",172.1,43.4,,,,
"2016-04-26 08:18:11",174.9,41.5,,,,
"2016-04-26 08:07:36",175.2,43.2,,,,
"2016-04-25 06:46:01",173.6,42.8,,,,
"2016-04-23 10:38:32",174.7,43.2,,,,
"2016-04-22 07:32:16",174.3,43.9,,,,
"2016-04-21 08:15:03",173.5,44.1,,,,
"2016-04-20 06:37:40",173.5,44.2,,,,
"2016-04-19 09:52:03",174.3,44.5,,,,
"2016-04-18 08:06:43",175.1,44.4,,,,
"2016-04-17 09:05:05",175,43.6,,,,
"2016-04-16 07:21:47",175.1,44.8,,,,
"2016-04-15 07:24:49",174.4,44.6,,,,
"2016-04-14 08:54:09",175.3,45.4,,,,
"2016-04-13 06:18:14",175.8,46.1,,,,
"2016-04-12 07:14:29",176.2,45.8,,,,
"2016-04-11 06:20:04",176.3,45.9,,,,
"2016-04-10 16:24:03",176.5,43.3,,,,
"2016-04-10 12:00:06",177,45.6,,,,
"2016-04-10 09:24:36",175.9,45.9,,,,
"2016-04-10 09:23:59",175.9,45.9,,,,
"2016-04-09 08:39:26",177.4,45.7,,,,
"2016-04-08 06:30:03",178.9,46.2,,,,
"2016-04-07 06:34:41",178.8,46.7,,,,
"2016-04-06 06:50:57",179.1,45.6,,,,
"2016-04-05 05:38:43",179.4,46.8,,,,
"2016-04-04 07:18:28",177.4,47,,,,
"2016-04-03 17:48:29",179.4,46.3,,,,
"2016-04-03 10:17:33",178,46,,,,
"2016-04-02 07:43:03",177.4,46.9,,,,
"2016-04-01 06:27:05",177.8,46.6,,,,
"2016-03-31 08:20:56",176.5,45.9,,,,
"2016-03-30 06:21:44",176.9,46.1,,,,
"2016-03-29 05:32:48",178.2,47,,,,
"2016-03-28 06:16:38",178.1,46,,,,
"2016-03-27 18:07:30",179,44.1,,,,
"2016-03-27 11:03:36",178.2,46.3,,,,
"2016-03-27 10:59:46",179.2,46.5,,,,
"2016-03-27 07:57:29",178.8,48,,,,
"2016-03-26 09:09:45",176.8,46.6,,,,
"2016-03-25 07:20:52",178.7,47,,,,
"2016-03-23 08:18:01",178.9,45.5,,,,
"2016-03-20 07:33:08",177.2,45.8,,,,
"2016-03-19 09:09:12",177,47.9,,,,
"2016-03-18 06:30:26",177.9,46.3,,,,
"2016-03-17 06:16:26",178.5,46.3,,,,
"2016-03-16 08:20:45",178.7,47,,,,
"2016-03-16 03:41:07",180.4,48.2,,,,
"2016-03-15 07:23:22",178.9,48.1,,,,
"2016-03-14 07:18:06",178.9,47.4,,,,
"2016-03-13 14:40:25",179.9,46.3,,,,
"2016-03-13 10:23:58",178.8,47.4,,,,
"2016-03-13 10:23:26",178.7,47.6,,,,
"2016-03-13 06:53:41",179.9,48,,,,
"2016-03-12 05:32:19",180.2,47.6,,,,
"2016-03-11 06:20:14",179.2,48,,,,
"2016-03-10 08:34:31",179.1,48.9,,,,
"2016-03-09 08:35:05",179.2,47.9,,,,
"2016-03-08 06:23:46",181.1,48.4,,,,
"2016-03-07 05:26:40",182.2,49.4,,,,
"2016-03-06 10:19:33",183.6,47.8,,,,
"2016-03-06 09:13:37",187.3,,,,,
"2016-03-06 09:13:11",198.8,,,,,
"2016-03-06 09:06:27",184,47.6,,,,
"2016-03-06 08:58:37",186.2,,,,,
"2016-03-06 08:53:54",186.1,,,,,
"2016-03-03 06:17:11",186.6,,,,,
"2016-03-03 06:16:38",186.5,53.6,,,,
"2016-03-02 05:49:35",182.7,,,,,
"2016-03-02 05:49:09",182.6,,,,,
"2016-03-01 06:17:15",188.8,52.7,,,,
"2016-03-01 06:16:42",188.5,52.7,,,,
"2016-02-29 05:12:14",185,49.7,,,,
"2016-02-28 12:36:13",184,48.3,,,,
"2016-02-28 11:12:51",183.1,49.6,,,,
"2016-02-27 12:34:33",184.8,45.9,,,,
"2016-02-26 06:11:24",189.4,53.9,,,,
"2016-02-25 07:46:58",186.3,10.1,,,,
"2016-02-25 07:43:18",191.1,,,,,
"2016-02-25 07:42:48",190.9,,,,,
"2016-02-24 06:35:33",184.3,50.9,,,,
"2016-02-22 06:12:49",183.8,49.3,,,,
"2016-02-21 10:52:49",183.1,,,,,
"2016-02-21 10:52:20",183.2,,,,,
"2016-02-21 10:51:44",182.7,47.4,,,,
"2016-02-20 18:36:17",185.3,50.2,,,,
"2016-02-20 10:59:30",182.8,50.1,,,,
"2016-02-20 10:49:40",183.3,50.5,,,,
"2016-02-20 09:32:42",183.2,49.9,,,,
"2016-02-19 06:08:06",184.2,49.6,,,,
"2016-02-18 06:28:27",184,51.3,,,,
"2016-02-17 06:12:20",189.8,,,,,
"2016-02-17 06:11:54",189.7,,,,,
"2016-02-17 06:11:25",189.7,,,,,
"2016-02-16 06:12:45",183.6,48.7,,,,
"2016-02-15 06:12:09",183.6,51.2,,,,
"2016-02-14 07:32:22",182.7,49.6,,,,
"2016-02-03 06:57:41",185.3,51.3,,,,
"2016-02-02 05:35:02",185.2,51.6,,,,
"2016-02-01 09:32:50",185.4,51.9,,,,
"2016-01-31 10:54:47",184.5,52.9,,,,
"2016-01-30 17:50:39",184.8,50.4,,,,
"2016-01-30 09:25:17",186.7,51.7,,,,
"2016-01-30 09:24:44",186.6,50.2,,,,
"2016-01-29 09:39:48",187.4,51.5,,,,
"2016-01-29 09:39:14",187.5,51.5,,,,
"2016-01-29 09:38:29",192.2,56,,,,
"2016-01-28 08:12:11",188.4,52.4,,,,
"2016-01-27 05:06:42",189.2,53.7,,,,
"2016-01-26 05:32:25",186,52.1,,,,
"2016-01-25 08:45:59",186.7,52.4,,,,
"2016-01-17 13:02:46",188,48.6,,,,
"2015-11-30 05:27:34",184,47.9,,,,
"2015-11-24 06:46:34",180.7,48.9,,,,
"2015-11-23 05:24:19",181.5,48,,,,
"2015-11-21 07:59:57",181.8,48.4,,,,
"2015-11-16 05:45:23",182.2,47.7,,,,
"2015-11-14 15:14:41",182.1,48.3,,,,
"2015-11-13 05:30:12",181.6,49.1,,,,
"2015-10-23 05:54:09",179.7,45.6,,,,
"2015-10-22 05:32:03",178.2,46.6,,,,
"2015-10-21 06:26:51",182.3,43.7,,,,
"2015-10-20 05:47:07",183.5,50.1,,,,
"2015-10-03 14:36:37",179.4,45.9,,,,
"2015-10-01 16:28:23",181,48,,,,
"2015-09-28 05:46:21",182.3,49.7,,,,
"2015-09-20 13:51:51",182.2,45.3,,,,
"2015-09-09 09:39:19",182.2,47.9,,,,
"2015-09-08 06:43:18",184.6,49.1,,,,
"2015-09-02 09:49:01",180.6,49.3,,,,
"2015-09-01 06:37:13",183.1,49.4,,,,
"2015-08-31 08:55:34",183.8,49.2,,,,
"2015-08-30 16:15:12",183.6,45.1,,,,
"2015-08-26 06:22:31",183,50.4,,,,
"2015-08-25 08:22:03",186,51.7,,,,
"2015-08-24 08:29:29",180.9,46.8,,,,
"2015-08-19 08:31:50",181.2,48,,,,
"2015-08-19 08:30:53",181.8,48.6,,,,
"2015-08-18 06:08:26",182.4,48,,,,
"2015-08-17 06:07:50",182.2,46.1,,,,
"2015-08-14 08:26:32",179.4,49.6,,,,
"2015-08-13 08:19:06",181.5,47.9,,,,
"2015-08-12 05:50:56",180.3,46.9,,,,
"2015-08-10 08:07:55",183.4,49.1,,,,
"2015-08-07 05:55:15",182.3,47.2,,,,
"2015-08-05 06:41:17",180,48,,,,
"2015-08-03 09:12:23",181.2,47.4,,,,
"2015-08-01 18:16:36",181.2,47,,,,
"2015-07-31 07:29:50",180.2,48,,,,
"2015-07-30 06:26:27",179.1,47.3,,,,
"2015-07-29 07:49:19",183.1,52.1,,,,
"2015-07-21 08:50:08",184.1,51,,,,
"2015-07-21 08:49:27",183.8,50.1,,,,
"2015-07-20 08:45:08",180.6,46.8,,,,
"2015-07-17 07:25:42",178.9,46.6,,,,
"2015-07-16 06:10:09",180.9,46.5,,,,
"2015-07-15 07:01:07",179.3,46.7,,,,
"2015-07-14 08:21:07",179.7,47.4,,,,
"2015-07-13 07:08:40",180.6,46,,,,
"2015-07-11 10:14:30",177.7,48.4,,,,
"2015-07-10 06:28:54",178.7,45,,,,
"2015-07-08 05:47:20",176.4,43.6,,,,
"2015-07-07 09:14:35",176.5,44.2,,,,
"2015-07-06 08:42:11",181.8,51.3,,,,
"2015-06-26 06:27:58",178.1,46.4,,,,
"2015-06-25 07:49:06",178.3,46.3,,,,
"2015-06-24 05:42:30",179,47.7,,,,
"2015-06-23 09:34:36",178.1,45.8,,,,
"2015-06-22 09:06:44",178.1,45.5,,,,
"2015-06-19 08:41:47",177.1,46.5,,,,
"2015-06-15 07:17:09",180.3,47.7,,,,
"2015-06-11 07:53:13",183.4,46.3,,,,
"2015-06-10 06:16:25",180.8,,,,,
"2015-06-04 06:20:14",179.1,44,,,,
"2015-05-28 07:55:01",175.8,43,,,,
"2015-05-27 05:50:08",174.8,43.7,,,,
"2015-05-26 08:51:22",176.3,44.4,,,,
"2015-05-25 17:12:30",178.1,40.5,,,,
"2015-05-22 09:33:01",176.5,42.6,,,,
"2015-05-21 08:08:32",175.9,42.9,,,,
"2015-05-19 07:31:32",176.6,42.7,,,,
"2015-05-15 06:14:24",174.9,44.5,,,,
"2015-05-14 07:33:10",176.4,44.3,,,,
"2015-05-12 08:14:14",176,44.9,,,,
"2015-05-11 07:47:48",177.4,45.1,,,,
"2015-05-03 08:09:00",178.6,44.9,,,,
"2015-04-30 07:37:55",178.8,45,,,,
"2015-04-27 07:53:17",178.9,44.8,,,,
"2015-04-26 14:31:28",177.3,42.8,,,,
"2015-04-23 07:39:47",177.4,44.6,,,,
"2015-04-22 09:39:39",176.6,44.1,,,,
"2015-04-21 07:40:13",175.9,43.4,,,,
"2015-04-20 07:41:26",176.9,42.5,,,,
"2015-04-16 06:49:16",178.3,43.2,,,,
"2015-04-14 07:42:22",176.5,42.8,,,,
"2015-04-13 09:09:02",177.9,44.8,,,,
"2015-04-04 12:52:13",176.2,42.6,,,,
"2015-04-03 09:37:59",175.4,45,,,,
"2015-04-03 05:42:42",175.8,43.7,,,,
"2015-04-02 09:47:44",174.7,44.6,,,,
"2015-04-01 06:11:37",172.4,42.9,,,,
"2015-03-31 16:28:05",175.3,43.5,,,,
"2015-03-30 06:49:47",176.9,,,,,
"2015-03-30 06:47:32",177.3,44.2,,,,
"2015-03-29 21:25:46",180.4,,,,,
"2015-03-01 10:17:04",171.9,41.8,,,,
"2015-02-27 08:49:31",172.3,42.3,,,,
"2015-02-26 15:39:41",173.4,42.6,,,,
"2015-02-25 09:52:41",174.5,41.4,,,,
"2015-02-23 09:28:19",179.4,43.7,,,,
"2015-02-22 09:39:30",181,44.8,,,,
"2015-02-21 07:23:43",177.3,43.2,,,,
"2015-02-20 13:20:00",176.1,44.6,,,,
"2015-02-18 06:06:38",176.2,44.3,,,,
"2015-02-17 08:45:35",176.9,44.7,,,,
"2015-02-16 09:42:33",178.6,45.9,,,,
"2015-02-14 05:42:01",178.6,46.1,,,,
"2015-02-13 06:04:32",178.6,45.2,,,,
"2015-02-12 06:23:56",178.5,45.8,,,,
"2015-02-11 06:47:23",180,47.5,,,,
"2015-02-09 09:19:07",181.5,46.3,,,,
"2015-02-08 12:12:06",178.6,44,,,,
"2015-02-06 08:44:56",177.6,44.7,,,,
"2015-02-05 06:52:38",178.8,44.8,,,,
"2015-02-04 08:41:43",180,45.2,,,,
"2015-02-03 06:48:04",179.2,46,,,,
"2015-02-02 05:52:37",180.6,45.1,,,,
"2015-01-31 11:59:35",178.7,46.6,,,,
"2015-01-30 10:50:53",175.3,46.3,,,,
"2015-01-28 07:08:21",176.2,44.4,,,,
"2015-01-27 09:26:55",176.8,44.6,,,,
"2015-01-26 07:43:50",177.1,42.3,,,,
"2015-01-25 16:01:59",178.6,43.5,,,,
"2015-01-23 07:36:22",180,45.3,,,,
"2015-01-22 08:47:26",178.4,45.5,,,,
"2015-01-21 06:10:52",175.8,44,,,,
"2015-01-20 08:38:31",175.9,44.6,,,,
"2015-01-19 12:22:49",175.4,44.6,,,,
"2015-01-18 13:41:40",175.1,45,,,,
"2015-01-18 09:04:22",176.5,45.7,,,,
"2015-01-17 12:54:38",176.9,44.6,,,,
"2015-01-16 08:58:11",177.4,45,,,,
"2015-01-15 08:51:12",176.9,45.3,,,,
"2015-01-13 06:44:40",178.3,45.4,,,,
"2015-01-12 07:30:12",178.2,45.8,,,,
"2015-01-11 22:38:05",179.9,46.1,,,,
"2015-01-11 10:41:32",177.2,45.7,,,,
"2015-01-10 12:46:02",177.7,47.2,,,,
"2015-01-09 09:42:22",181,46,,,,
"2015-01-07 07:59:26",181.5,48.1,,,,
"2015-01-06 06:05:49",182.5,48.9,,,,
"2015-01-05 09:28:37",182.3,49.2,,,,
"2015-01-02 09:19:36",183.5,49.4,,,,
"2014-12-29 09:56:46",179.4,46.9,,,,
"2014-12-24 09:57:56",180.4,45.7,,,,
"2014-12-23 05:57:08",180.8,44.3,,,,
"2014-12-22 07:11:17",180.6,46.6,,,,
"2014-12-18 06:50:58",177.8,42.7,,,,
"2014-12-17 11:00:39",178.1,43.7,,,,
"2014-12-11 06:05:56",178.5,42.8,,,,
"2014-12-10 09:41:57",178.2,44.8,,,,
"2014-12-09 05:24:36",178.2,43.1,,,,
"2014-12-08 05:30:18",178.1,43.7,,,,
"2014-12-05 07:36:21",176,44,,,,
"2014-12-04 09:44:56",175.3,43.2,,,,
"2014-12-03 05:51:31",179,47,,,,
"2014-12-02 09:43:19",174.4,45.2,,,,
"2014-12-01 09:11:21",175,43.3,,,,
"2014-11-29 15:28:44",176.2,43.5,,,,
"2014-11-26 09:21:50",178.1,46.1,,,,
"2014-11-25 06:52:59",175.7,44.4,,,,
"2014-11-21 09:57:27",177,44.4,,,,
"2014-11-20 06:03:53",176.7,43.5,,,,
"2014-11-19 09:28:12",175.3,45,,,,
"2014-11-18 05:59:24",175.3,44.3,,,,
"2014-11-17 09:43:41",174.1,43.3,,,,
"2014-11-17 09:34:28",174.2,44.2,,,,
"2014-11-16 10:55:22",177.5,46.7,,,,
"2014-11-14 09:55:19",176.7,44.4,,,,
"2014-11-13 06:35:35",179.1,45.9,,,,
"2014-11-12 06:28:10",176.5,45.3,,,,
"2014-11-11 06:07:23",176.3,45,,,,
"2014-11-10 05:56:48",177.4,45.4,,,,
"2014-11-09 09:28:57",178.2,43,,,,
"2014-11-03 09:09:33",176.7,46.1,,,,
"2014-11-02 18:16:19",178.2,42.9,,,,
"2014-11-02 08:59:20",175,46.8,,,,
"2014-11-01 14:29:58",174.9,44.8,,,,
"2014-11-01 14:29:05",175.4,45.4,,,,
"2014-10-31 09:39:54",175.4,44.5,,,,
"2014-10-30 09:55:05",175.6,45.1,,,,
"2014-10-29 06:12:32",176.8,44.9,,,,
"2014-10-27 06:06:19",177.8,45.7,,,,
"2014-10-26 20:58:20",179.2,,,,,
"2014-10-23 09:25:02",175.9,45.3,,,,
"2014-10-21 07:40:19",177.2,44.6,,,,
"2014-10-20 06:08:05",176.8,44.6,,,,
"2014-10-15 06:22:17",177.1,43.6,,,,
"2014-10-12 12:16:50",176.1,,,,,
"2014-10-12 12:15:27",176.8,46.1,,,,
"2014-10-10 09:24:58",176.3,,,,,
"2014-10-07 05:24:57",176,42,,,,
"2014-10-06 11:22:53",173.9,43.2,,,,
"2014-10-05 13:00:30",173.9,42.8,,,,
"2014-10-04 11:38:13",172.4,44,,,,
"2014-10-03 09:46:18",172.6,42,,,,
"2014-09-30 05:25:48",172.5,42,,,,
"2014-09-28 15:06:40",172.7,43.1,,,,
"2014-09-23 06:53:23",173.2,,,,,
"2014-09-22 09:55:30",171.8,44,,,,
"2014-09-13 16:53:04",172.1,37.5,,,,
"2014-09-12 09:42:11",172.8,40.6,,,,
"2014-09-11 09:41:27",171.3,41,,,,
"2014-09-10 05:58:05",169.8,40,,,,
"2014-09-09 08:29:13",170.5,39.1,,,,
"2014-09-08 08:46:54",170.9,39.3,,,,
"2014-09-07 05:36:34",171.6,39.9,,,,
"2014-09-06 18:14:41",171.9,34,,,,
"2014-09-05 09:30:21",168.5,38.4,,,,
"2014-09-04 07:08:44",169,39.6,,,,
"2014-09-03 09:58:59",167.9,38.7,,,,
"2014-09-03 09:58:28",167.9,38.9,,,,
"2014-09-02 05:52:27",171.3,39.1,,,,
"2014-09-01 20:13:26",174.4,39.2,,,,
"2014-08-28 08:03:22",168.6,39.6,,,,
"2014-08-27 09:22:06",169.2,39.8,,,,
"2014-08-26 09:34:09",168.9,40.6,,,,
"2014-08-25 06:13:17",170.4,40.4,,,,
"2014-08-24 07:03:21",169,39.7,,,,
"2014-08-23 06:49:14",168.5,39.8,,,,
"2014-08-22 09:01:21",168,40.3,,,,
"2014-08-21 08:25:26",168.5,39.7,,,,
"2014-08-21 08:24:49",168.5,39.6,,,,
"2014-08-20 06:39:44",169.7,39.7,,,,
"2014-08-19 06:12:01",169.8,39.3,,,,
"2014-08-18 06:17:49",169.8,40.5,,,,
"2014-08-17 17:01:05",171.1,37.4,,,,
"2014-08-17 06:57:50",168.8,41.1,,,,
"2014-08-17 06:57:18",168.9,41.1,,,,
"2014-08-16 17:21:09",170.4,37.2,,,,
"2014-08-16 06:43:06",168.4,40.6,,,,
"2014-08-16 06:42:26",168.5,40.4,,,,
"2014-08-16 06:41:20",167.7,39.7,,,,
"2014-08-15 08:08:26",169.1,40.9,,,,
"2014-08-14 06:18:01",168.3,39.8,,,,
"2014-08-14 06:17:34",168.3,,,,,
"2014-08-14 06:16:59",168.2,40.6,,,,
"2014-08-14 06:16:16",168.3,39.6,,,,
"2014-08-13 06:45:43",169,40.3,,,,
"2014-08-12 06:17:25",170.2,39.6,,,,
"2014-08-12 06:16:46",170,39.2,,,,
"2014-08-11 06:57:36",170.5,39.9,,,,
"2014-08-10 06:53:20",170.3,40.8,,,,
"2014-08-09 17:17:30",172,,,,,
"2014-08-09 06:25:28",171.4,40.6,,,,
"2014-08-08 06:40:41",169.4,40.5,,,,
"2014-08-08 06:40:00",169.5,41.1,,,,
"2014-08-08 06:39:05",169.4,41.4,,,,
"2014-08-07 06:08:30",170.7,42.2,,,,
"2014-08-06 09:49:47",172.4,39.1,,,,
"2014-08-05 09:49:46",175,40.2,,,,
"2014-08-05 09:49:12",175,40.7,,,,
"2014-07-29 04:45:43",170.5,,,,,
"2014-07-28 10:56:59",170.7,41.2,,,,
"2014-07-28 10:56:17",170.5,40.7,,,,
"2014-07-27 14:01:48",173.1,42.1,,,,
"2014-07-25 08:57:08",175.2,42.2,,,,
"2014-07-24 09:43:10",172.1,40.3,,,,
"2014-07-23 07:15:12",170.5,41.9,,,,
"2014-07-22 09:54:52",170.1,40.7,,,,
"2014-07-21 06:13:57",171.7,42.5,,,,
"2014-07-20 09:21:22",172.1,41.3,,,,
"2014-07-19 18:57:41",174.7,41.3,,,,
"2014-07-19 18:56:13",174.6,41.6,,,,
"2014-07-19 09:01:11",173.6,41.5,,,,
"2014-07-18 07:18:34",171.5,41,,,,
"2014-07-17 08:05:50",171.9,,,,,
"2014-07-17 07:33:02",171.6,41.3,,,,
"2014-07-16 06:40:10",170.9,41.6,,,,
"2014-07-15 20:37:32",173.4,40.7,,,,
"2014-07-15 07:32:38",171.8,39.7,,,,
"2014-07-14 08:24:16",174.1,,,,,
"2014-07-13 08:58:24",172.8,41.9,,,,
"2014-07-11 08:13:56",173.3,41.7,,,,
"2014-07-10 06:49:45",173.2,42.1,,,,
"2014-07-09 06:08:25",172.4,42,,,,
"2014-07-08 06:05:33",172.2,41,,,,
"2014-07-07 06:38:56",172.9,40.7,,,,
"2014-07-06 10:12:24",171.9,41.9,,,,
"2014-07-05 17:36:10",171.3,41.1,,,,
"2014-07-05 17:35:46",171.5,,,,,
"2014-07-05 15:31:34",170.9,40.4,,,,
"2014-07-05 13:41:45",171.5,40.8,,,,
"2014-07-05 12:23:27",172.9,42.1,,,,
"2014-07-05 10:22:58",173,42.4,,,,
"2014-07-04 11:23:15",173.4,41.7,,,,
"2014-07-04 11:22:36",173.3,42.3,,,,
"2014-07-03 09:45:02",172.7,,,,,
"2014-07-02 08:41:39",172,41,,,,
"2014-07-02 08:41:04",172,41.2,,,,
"2014-07-01 09:14:46",171.7,42.1,,,,
"2014-07-01 03:39:59",172.7,42.2,,,,
"2014-06-30 08:37:38",171.6,42.2,,,,
"2014-06-29 15:21:44",171.4,,,,,
"2014-06-29 08:37:41",171.2,,,,,
"2014-06-29 07:39:49",171.2,42.8,,,,
"2014-06-28 14:26:29",171.7,39.7,,,,
"2014-06-28 13:44:26",172,41.5,,,,
"2014-06-28 13:37:24",173.7,43.1,,,,
"2014-06-28 12:22:02",173.5,42.5,,,,
"2014-06-28 12:11:41",174.7,,,,,
"2014-06-28 10:49:40",173.6,41.8,,,,
"2014-06-28 06:38:02",172.5,43.7,,,,
"2014-06-28 06:37:18",172.5,44.1,,,,
"2014-06-27 09:56:24",172.4,,,,,
"2014-06-27 09:47:24",172.3,43.2,,,,
"2014-06-26 06:47:17",174.8,43.1,,,,
"2014-06-25 08:33:39",173.7,43.3,,,,
"2014-06-24 08:55:55",173.1,43.3,,,,
"2014-06-23 09:24:06",174.6,44.2,,,,
"2014-06-23 09:23:40",174.7,,,,,
"2014-06-22 09:32:59",174.3,45.4,,,,
"2014-06-21 21:58:52",175.2,43.2,,,,
"2014-06-21 19:47:22",173.1,44.9,,,,
"2014-06-21 18:47:24",173.4,,,,,
"2014-06-21 18:46:00",173.5,45.3,,,,
"2014-06-21 16:42:42",172.3,44.8,,,,
"2014-06-21 16:34:26",172.2,,,,,
"2014-06-21 15:37:20",172.6,44.8,,,,
"2014-06-21 15:05:54",173,45.1,,,,
"2014-06-21 15:00:09",173.2,46.1,,,,
"2014-06-21 14:32:50",173.4,44.7,,,,
"2014-06-21 14:12:52",173.5,45.3,,,,
"2014-06-21 14:09:34",173.7,45.7,,,,
"2014-06-21 14:00:56",174.1,45,,,,
"2014-06-21 13:57:40",174.2,45.9,,,,
"2014-06-21 13:27:22",174.5,45.6,,,,
"2014-06-21 12:31:27",175.6,46.7,,,,
"2014-06-21 12:18:42",177.6,46.6,,,,
"2014-06-20 08:27:53",178.7,,,,,
"2014-06-19 06:48:36",177.1,44.3,,,,
"2014-06-18 09:08:18",176.1,,,,,
"2014-06-17 06:11:34",175.3,43.9,,,,
"2014-06-16 08:53:56",173.9,43.2,,,,
"2014-06-16 08:53:31",173.8,,,,,
"2014-06-16 08:52:41",173.9,43,,,,
"2014-06-15 12:04:36",173.4,44.5,,,,
"2014-06-15 08:59:14",174.1,44.8,,,,
"2014-06-15 08:58:49",174.1,,,,,
"2014-06-15 08:58:13",174,43.7,,,,
"2014-06-14 19:34:27",175.8,,,,,
"2014-06-14 14:44:36",174.8,,,,,
"2014-06-14 13:16:21",175.7,45,,,,
"2014-06-14 11:49:22",177.6,45,,,,
"2014-06-14 09:35:25",175.9,,,,,
"2014-06-14 08:15:06",176.7,,,,,
"2014-06-13 21:50:40",179.2,,,,,
"2014-06-13 18:57:47",176.2,,,,,
"2014-06-13 06:06:13",175.1,,,,,
"2014-06-12 06:10:43",175,,,,,
"2014-06-11 06:56:54",174.5,44.3,,,,
"2014-06-10 06:05:20",175,44.6,,,,
"2014-06-09 06:24:53",175.2,44.1,,,,
"2014-06-08 16:21:24",175.7,,,,,
"2014-06-08 16:20:46",175.7,46.5,,,,
"2014-06-08 08:31:50",174.2,44.7,,,,
"2014-06-08 08:31:12",174.2,44.4,,,,
"2014-06-07 19:42:18",175.8,,,,,
"2014-06-07 18:39:10",175.4,43.3,,,,
"2014-06-07 17:58:43",175.7,,,,,
"2014-06-07 17:51:38",175.8,,,,,
"2014-06-07 17:51:12",175.8,,,,,
"2014-06-07 17:50:47",171.5,,,,,
"2014-06-07 14:41:08",175.7,44.9,,,,
"2014-06-07 14:30:50",178.1,,,,,
"2014-06-07 13:32:05",177.4,46,,,,
"2014-06-07 13:21:14",176.3,,,,,
"2014-06-07 13:20:42",176.3,46.2,,,,
"2014-06-07 13:20:01",176.9,46.6,,,,
"2014-06-07 11:08:43",178.6,,,,,
"2014-06-07 10:22:55",179.6,,,,,
"2014-06-07 09:29:31",180.8,46.4,,,,
"2014-06-07 09:28:29",179.8,,,,,
"2014-06-07 09:27:41",180.8,46.6,,,,
"2014-06-07 09:27:01",182.1,49.1,,,,
"2014-06-07 09:26:22",179.8,,,,,
"2014-06-07 09:25:39",179.9,46.3,,,,
"2014-06-07 09:13:43",178.4,44.7,,,,
"2014-06-06 06:11:33",177.6,44.5,,,,
"2014-06-05 06:25:06",179.4,,,,,
"2014-06-04 05:49:16",177.8,,,,,
"2014-06-03 09:04:48",176.8,45.3,,,,
"2014-06-02 07:34:19",178.6,,,,,
"2014-06-01 08:07:29",178.5,,,,,
"2014-05-31 16:18:16",179.4,46.4,,,,
"2014-05-31 12:23:44",180.6,,,,,
"2014-05-31 05:59:32",179.3,,,,,
"2014-05-30 09:25:42",178.2,45.2,,,,
"2014-05-29 05:36:07",178.7,47.3,,,,
"2014-05-28 07:28:16",179.6,46.9,,,,
"2014-05-27 20:49:08",182,,,,,
"2014-05-27 06:39:51",180.6,,,,,
"2014-05-26 18:16:44",181.2,43.7,,,,
"2014-05-26 17:52:58",181.7,,,,,
"2014-05-26 11:57:39",184.1,,,,,
"2014-05-26 08:49:22",183.7,,,,,
"2014-05-25 15:45:53",182.7,,,,,
"2014-05-25 13:11:41",181.7,,,,,
"2014-05-25 09:24:32",182.2,,,,,
"2014-05-24 09:52:19",182.7,,,,,
"2014-05-24 08:41:30",180.5,48.6,,,,
"2014-05-23 05:44:39",181.6,,,,,
"2014-05-22 09:01:34",179.9,,,,,
"2014-05-22 08:42:58",180.2,,,,,
"2014-05-21 05:58:56",182.1,,,,,
"2014-05-20 08:41:10",181.5,,,,,
"2014-05-18 18:45:49",182.8,,,,,
"2014-05-17 10:53:46",180.1,,,,,
"2014-05-17 08:33:31",180.8,,,,,
"2014-05-11 18:57:58",183.8,,,,,
"2014-05-04 09:23:18",181.2,50.7,,,,
"2014-04-27 11:36:54",183.1,,,,,
"2014-04-20 13:45:11",185.2,,,,,
"2014-04-13 10:39:16",184,,,,,
"2014-04-06 15:48:57",183.2,,,,,
"2014-03-30 11:52:26",187.1,51.4,,,,
"2014-03-23 12:54:02",186.6,51.1,,,,
"2014-03-16 11:33:18",184.5,,,,,
"2014-03-09 17:47:43",182.7,50,,,,
"2014-03-05 06:08:52",183.8,,,,,
"2014-03-02 16:07:45",184.3,,,,,
"2014-02-24 08:49:26",185.9,,,,,
"2014-02-16 15:54:37",182.4,,,,,
"2014-02-10 06:16:08",183.8,,,,,
"2014-02-09 18:46:42",188.1,,,,,
"2014-02-04 06:07:45",184.4,48.4,,,,
"2014-02-03 06:09:30",182.9,,,,,
"2014-02-02 21:08:48",184.8,,,,,
"2014-01-30 06:10:21",185.2,,,,,
"2014-01-28 06:36:12",184.2,,,,,
"2014-01-27 06:40:43",184.3,,,,,
"2014-01-26 10:14:35",186.1,,,,,
"2014-01-25 18:18:45",187.5,,,,,
"2014-01-23 06:02:16",187.9,,,,,
"2014-01-22 06:20:17",185.6,,,,,
"2014-01-21 06:37:58",184.9,51.4,,,,
"2014-01-20 09:34:06",185.5,,,,,
"2014-01-19 09:03:52",185.6,50.7,,,,
"2014-01-17 09:45:14",187,,,,,
"2014-01-16 06:08:23",185.5,50.9,,,,
"2014-01-15 06:11:08",186,52.8,,,,
"2014-01-14 09:48:34",186.1,,,,,
"2014-01-12 22:23:13",191.8,,,,,
"2014-01-12 14:37:20",189.1,51.6,,,,
"2013-12-13 06:08:57",184.7,47.7,,,,
"2013-12-12 09:59:52",183.5,,,,,
"2013-12-09 07:20:10",184.6,,,,,
"2013-12-05 08:18:30",181.3,,,,,
"2013-12-04 13:12:24",181,48.3,,,,
"2013-12-03 06:10:25",182.5,,,,,
"2013-12-02 06:07:33",183.1,48.5,,,,
"2013-11-28 10:52:47",183,,,,,
"2013-11-27 06:06:44",182,,,,,
"2013-11-26 06:06:44",180,49.2,,,,
"2013-11-24 11:42:32",180.9,47.5,,,,
"2013-11-22 09:13:25",179,48.9,,,,
"2013-11-22 09:03:14",179,48,,,,
"2013-11-21 10:00:48",179.6,47.9,,,,
"2013-11-20 22:00:04",184.3,,,,,
"2013-11-20 09:44:07",180.4,46.6,,,,
"2013-11-19 06:08:59",181.5,47.2,,,,
"2013-11-18 06:14:53",182.5,,,,,
"2013-11-17 20:32:54",185,,,,,
"2013-11-17 12:31:49",182.1,,,,,
"2013-11-17 12:31:14",182.1,,,,,
"2013-11-17 12:30:31",182.1,49.7,,,,
"2013-11-16 12:41:19",183.3,48.3,,,,
"2013-11-15 09:12:38",180.9,47.5,,,,
"2013-11-14 12:42:46",181.9,43.7,,,,
"2013-11-13 06:13:08",184,45.8,,,,
"2013-11-12 06:09:19",182.3,46.4,,,,
"2013-11-11 08:43:22",181.7,46.8,,,,
"2013-11-10 12:15:06",181.6,49.3,,,,
"2013-11-09 13:22:50",182.7,47.1,,,,
"2013-11-08 06:10:28",182.4,47.3,,,,
"2013-11-07 09:37:19",182.4,47.7,,,,
"2013-11-06 07:07:49",181.2,48.9,,,,
"2013-11-05 09:48:40",180.7,49.2,,,,
"2013-11-04 05:57:25",181.9,49,,,,
"2013-11-03 08:14:24",182.3,51.7,,,,
"2013-11-02 15:08:36",184.8,50.8,,,,
"2013-10-31 13:32:04",183.7,,,,,
"2013-10-26 15:34:56",182.9,,,,,
"2013-10-19 18:23:04",183,49.9,,,,
"2013-10-18 14:57:49",181,49.8,,,,
"2013-10-10 09:24:51",180.8,47.4,,,,
"2013-10-06 15:24:26",183,49.3,,,,
"2013-10-02 09:05:19",180.5,48,,,,
"2013-10-01 06:50:55",181.4,,,,,
"2013-09-30 06:06:07",181.5,47.6,,,,
"2013-09-27 08:25:01",182.9,47.4,,,,
"2013-09-26 19:02:52",182.8,,,,,
"2013-09-26 09:58:12",180.3,47.8,,,,
"2013-09-25 19:18:30",180.2,,,,,
"2013-09-25 11:00:54",179.5,46.8,,,,
"2013-09-24 08:52:02",180.8,47.9,,,,
"2013-09-23 06:04:12",181.7,46.6,,,,
"2013-09-22 11:19:29",181.3,47.4,,,,
"2013-09-21 14:06:55",180.7,,,,,
"2013-09-20 07:19:31",182.1,47.2,,,,
"2013-09-19 11:58:03",182.5,46.4,,,,
"2013-09-18 10:07:10",181.2,46.7,,,,
"2013-09-16 06:09:13",182.3,43.8,,,,
"2013-09-12 09:06:57",181.5,,,,,
"2013-09-11 06:06:27",182.4,,,,,
"2013-09-10 09:56:09",181,44.7,,,,
"2013-09-09 09:01:12",180.5,45.3,,,,
"2013-09-09 08:53:23",182.7,44.8,,,,
"2013-09-08 15:03:52",183,,,,,
"2013-09-08 11:05:34",182.8,48.1,,,,
"2013-09-08 05:11:38",184.3,47.6,,,,
"2013-09-07 13:32:52",182,46.3,,,,
"2013-09-06 05:45:53",183.2,47.2,,,,
"2013-09-05 08:45:17",183.1,47.8,,,,
"2013-09-05 04:08:23",185.8,49.1,,,,
"2013-09-04 03:30:20",183.8,47.2,,,,
"2013-09-03 21:13:32",184.7,44.7,,,,
"2013-09-03 08:40:22",184,48.5,,,,
"2013-09-02 22:22:50",186.1,46.9,,,,
"2013-09-02 21:36:20",186.2,47.5,,,,
"2013-09-02 18:54:28",180.8,,,,,
"2013-09-02 18:53:14",180.8,,,,,
"2013-09-02 18:53:13",183.9,46,,,,
"2013-08-28 19:57:10",180.8,,,,,
